# Blender 5.2.1 LTS
# www.blender.org
mtllib Untitled.obj.mtl
o barrel
v 0.182291 -1.243419 0.857514
v 0.356551 -1.243419 0.800879
v 0.356551 -1.222382 0.800879
v 0.515317 -1.243419 0.709215
v 0.515317 -1.222382 0.709215
v 0.651491 -1.243419 0.586617
v 0.651491 -1.222382 0.586617
v 0.759218 -1.243419 0.438317
v 0.759218 -1.222382 0.438317
v 0.833782 -1.243419 0.270898
v 0.833782 -1.222382 0.270898
v 0.871868 -1.243419 0.091612
v 0.871868 -1.222382 0.091612
v 0.871868 -1.243419 -0.091612
v 0.871868 -1.222382 -0.091612
v 0.833782 -1.243419 -0.270898
v 0.833782 -1.222382 -0.270898
v 0.759218 -1.243419 -0.438317
v 0.759218 -1.222382 -0.438317
v 0.651491 -1.243419 -0.586617
v 0.651491 -1.222382 -0.586617
v 0.515317 -1.243419 -0.709215
v 0.515317 -1.222382 -0.709215
v 0.356551 -1.243419 -0.800879
v 0.356551 -1.222382 -0.800879
v 0.182291 -1.243419 -0.857514
v 0.182291 -1.222382 -0.857514
v 0.000000 -1.243419 -0.876687
v 0.000000 -1.222382 -0.876687
v -0.182291 -1.243419 -0.857514
v -0.182291 -1.222382 -0.857514
v -0.356551 -1.243419 -0.800879
v -0.356551 -1.222382 -0.800879
v -0.515317 -1.243419 -0.709215
v -0.515317 -1.222382 -0.709215
v -0.651491 -1.243419 -0.586617
v -0.651491 -1.222382 -0.586617
v -0.759218 -1.243419 -0.438317
v -0.759218 -1.222382 -0.438317
v -0.833782 -1.243419 -0.270898
v -0.833782 -1.222382 -0.270898
v -0.871867 -1.243419 -0.091612
v -0.871867 -1.222382 -0.091612
v -0.871867 -1.243419 0.091612
v -0.871867 -1.222382 0.091612
v -0.833782 -1.243419 0.270898
v -0.833782 -1.222382 0.270898
v -0.759218 -1.243419 0.438317
v -0.759218 -1.222382 0.438317
v -0.651491 -1.243419 0.586617
v -0.651491 -1.222382 0.586617
v -0.515317 -1.243419 0.709215
v -0.515317 -1.222382 0.709215
v -0.356551 -1.243419 0.800879
v -0.356551 -1.222382 0.800879
v -0.182291 -1.243419 0.857514
v -0.182291 -1.222382 0.857514
v 0.000000 -1.243419 0.876687
v 0.000000 -1.222382 0.876687
v 0.182291 -1.243419 0.857514
v 0.182291 -1.222382 0.857514
v 0.332715 -1.203469 0.747249
v 0.170063 -1.203469 0.800102
v 0.000000 -1.203469 0.000000
v 0.480755 -1.203469 0.661751
v 0.607862 -1.203469 0.547340
v 0.708386 -1.203469 0.408989
v 0.777924 -1.203469 0.252762
v 0.813470 -1.203469 0.085498
v 0.813470 -1.203469 -0.085498
v 0.777924 -1.203469 -0.252762
v 0.708386 -1.203469 -0.408989
v 0.607862 -1.203469 -0.547340
v 0.480755 -1.203469 -0.661751
v 0.332715 -1.203469 -0.747249
v 0.170063 -1.203469 -0.800050
v 0.000000 -1.203469 -0.817927
v -0.170062 -1.203469 -0.800050
v -0.332715 -1.203469 -0.747249
v -0.480755 -1.203469 -0.661751
v -0.607861 -1.203469 -0.547340
v -0.708386 -1.203469 -0.408989
v -0.777924 -1.203469 -0.252762
v -0.813470 -1.203469 -0.085498
v -0.813470 -1.203469 0.085498
v -0.777924 -1.203469 0.252762
v -0.708386 -1.203469 0.408989
v -0.607861 -1.203469 0.547340
v -0.480755 -1.203469 0.661751
v -0.332715 -1.203469 0.747249
v -0.170062 -1.203469 0.800050
v 0.000000 -1.203469 0.817927
v 0.170062 1.190462 0.800102
v 0.332715 1.190462 0.747249
v 0.000000 1.190462 -0.000000
v 0.480755 1.190462 0.661751
v 0.607862 1.190462 0.547340
v 0.708386 1.190462 0.408989
v 0.777924 1.190462 0.252762
v 0.813470 1.190462 0.085498
v 0.813470 1.190462 -0.085498
v 0.777924 1.190462 -0.252762
v 0.708386 1.190462 -0.408989
v 0.607862 1.190462 -0.547340
v 0.480755 1.190462 -0.661751
v 0.332715 1.190462 -0.747249
v 0.170062 1.190462 -0.800050
v 0.000000 1.190462 -0.817927
v -0.170062 1.190462 -0.800050
v -0.332715 1.190462 -0.747249
v -0.480755 1.190462 -0.661751
v -0.607862 1.190462 -0.547340
v -0.708386 1.190462 -0.408989
v -0.777924 1.190462 -0.252762
v -0.813470 1.190462 -0.085498
v -0.813470 1.190462 0.085498
v -0.777924 1.190462 0.252762
v -0.708386 1.190462 0.408989
v -0.607862 1.190462 0.547340
v -0.480755 1.190462 0.661751
v -0.332715 1.190462 0.747249
v -0.170062 1.190462 0.800050
v 0.000000 1.190462 0.817927
v -0.869484 1.197924 -0.091405
v -0.869484 1.239170 -0.091405
v -0.831502 1.239170 -0.270172
v -0.831502 1.197924 -0.270172
v -0.757145 1.239170 -0.437126
v -0.757145 1.197924 -0.437126
v -0.649729 1.239170 -0.585010
v -0.649729 1.197924 -0.585010
v -0.513918 1.239170 -0.707298
v -0.513918 1.197924 -0.707298
v -0.355618 1.239170 -0.798702
v -0.355618 1.197924 -0.798702
v -0.181773 1.239170 -0.855183
v -0.181773 1.197924 -0.855183
v 0.000000 1.239170 -0.874303
v 0.000000 1.197924 -0.874303
v 0.181773 1.239170 -0.855183
v 0.181773 1.197924 -0.855183
v 0.355618 1.239170 -0.798702
v 0.355618 1.197924 -0.798702
v 0.513918 1.239170 -0.707298
v 0.513918 1.197924 -0.707298
v 0.649730 1.239170 -0.585010
v 0.649730 1.197924 -0.585010
v 0.757146 1.239170 -0.437126
v 0.757146 1.197924 -0.437126
v 0.831502 1.239170 -0.270172
v 0.831502 1.197924 -0.270172
v 0.869484 1.239170 -0.091405
v 0.869484 1.197924 -0.091405
v 0.869484 1.239170 0.091405
v 0.869484 1.197924 0.091405
v 0.831502 1.239170 0.270172
v 0.831502 1.197924 0.270172
v 0.757146 1.239170 0.437126
v 0.757146 1.197924 0.437126
v 0.649730 1.239170 0.585010
v 0.649730 1.197924 0.585010
v 0.513918 1.239170 0.707298
v 0.513918 1.197924 0.707298
v 0.355618 1.239170 0.798702
v 0.355618 1.197924 0.798702
v 0.181773 1.239170 0.855183
v 0.181773 1.197924 0.855183
v 0.000000 1.239170 0.874303
v 0.000000 1.197924 0.874303
v -0.181773 1.239170 0.855183
v -0.181773 1.197924 0.855183
v -0.355618 1.239170 0.798702
v -0.355618 1.197924 0.798702
v -0.513918 1.239170 0.707298
v -0.513918 1.197924 0.707298
v -0.649729 1.239170 0.585010
v -0.649729 1.197924 0.585010
v -0.757145 1.239170 0.437126
v -0.757145 1.197924 0.437126
v -0.831502 1.239170 0.270172
v -0.831502 1.197924 0.270172
v -0.869484 1.239170 0.091405
v -0.869484 1.197924 0.091405
v -0.854250 -1.222382 0.089798
v -0.854250 -0.459329 0.089798
v -0.854250 -0.459329 -0.089798
v -0.854250 -1.222382 -0.089798
v -0.816942 -0.459329 -0.265457
v -0.816942 -1.222382 -0.265457
v -0.743880 -0.459329 -0.429509
v -0.638330 -1.222382 -0.574751
v -0.743880 -1.222382 -0.429509
v -0.504902 -1.222382 -0.694914
v -0.638330 -0.459329 -0.574751
v -0.349400 -1.222382 -0.784712
v -0.504902 -0.459329 -0.694914
v -0.349400 -0.459329 -0.784712
v -0.178612 -0.459329 -0.840208
v 0.000000 -1.222382 -0.858965
v -0.178612 -1.222382 -0.840208
v 0.000000 -0.459329 -0.858965
v 0.178612 -0.459329 -0.840208
v 0.349400 -1.222382 -0.784712
v 0.178612 -1.222382 -0.840208
v 0.349400 -0.459329 -0.784712
v 0.504902 -0.459329 -0.694914
v 0.504902 -1.222382 -0.694914
v 0.638330 -0.459329 -0.574751
v 0.638330 -1.222382 -0.574751
v 0.743881 -0.459329 -0.429509
v 0.816942 -1.222382 -0.265457
v 0.743881 -1.222382 -0.429509
v 0.816942 -0.459329 -0.265457
v 0.854250 -0.459329 -0.089798
v 0.854250 -1.222382 -0.089798
v 0.854250 -0.459329 0.089798
v 0.854250 -1.222382 0.089798
v 0.816942 -0.459329 0.265457
v 0.816942 -1.222382 0.265457
v 0.743881 -0.459329 0.429509
v 0.743881 -1.222382 0.429509
v 0.638330 -0.459329 0.574751
v 0.638330 -1.222382 0.574751
v 0.504902 -0.459329 0.694914
v 0.504902 -1.222382 0.694914
v 0.349400 -0.459329 0.784712
v 0.349400 -1.222382 0.784712
v 0.178612 -0.459329 0.840208
v 0.178612 -1.222382 0.840208
v 0.178612 -0.459329 0.840208
v 0.000000 -0.459329 0.858965
v 0.000000 -1.222382 0.858965
v -0.178612 -0.459329 0.840208
v -0.178612 -1.222382 0.840208
v -0.349400 -0.459329 0.784712
v -0.349400 -1.222382 0.784712
v -0.504902 -0.459329 0.694914
v -0.504902 -1.222382 0.694914
v -0.638330 -0.459329 0.574751
v -0.638330 -1.222382 0.574751
v -0.743880 -0.459329 0.429509
v -0.743880 -1.222382 0.429509
v -0.816942 -0.459329 0.265457
v -0.816942 -1.222382 0.265457
v 0.326445 1.239170 0.733258
v 0.326445 1.190462 0.733258
v 0.166902 1.190462 0.785075
v 0.471791 1.239170 0.649367
v 0.471791 1.190462 0.649367
v 0.596462 1.239170 0.537080
v 0.596462 1.190462 0.537080
v 0.695121 1.239170 0.401320
v 0.695121 1.190462 0.401320
v 0.763364 1.239170 0.248047
v 0.763364 1.190462 0.248047
v 0.798236 1.239170 0.083891
v 0.798236 1.190462 0.083891
v 0.798236 1.239170 -0.083891
v 0.798236 1.190462 -0.083891
v 0.763364 1.239170 -0.248047
v 0.763364 1.190462 -0.248047
v 0.695121 1.239170 -0.401320
v 0.695121 1.190462 -0.401320
v 0.596462 1.239170 -0.537080
v 0.596462 1.190462 -0.537080
v 0.471791 1.239170 -0.649367
v 0.471791 1.190462 -0.649367
v 0.326445 1.239170 -0.733258
v 0.326445 1.190462 -0.733258
v 0.166902 1.239170 -0.785075
v 0.166902 1.190462 -0.785075
v 0.000000 1.239170 -0.802641
v 0.000000 1.190462 -0.802641
v -0.166902 1.239170 -0.785075
v -0.166902 1.190462 -0.785075
v -0.326445 1.239170 -0.733258
v -0.326445 1.190462 -0.733258
v -0.471791 1.239170 -0.649367
v -0.471791 1.190462 -0.649367
v -0.596462 1.239170 -0.537080
v -0.596462 1.190462 -0.537080
v -0.695121 1.239170 -0.401320
v -0.695121 1.190462 -0.401320
v -0.763363 1.239170 -0.248047
v -0.763363 1.190462 -0.248047
v -0.798236 1.239170 -0.083891
v -0.798236 1.190462 -0.083891
v -0.798236 1.239170 0.083891
v -0.798236 1.190462 0.083891
v -0.763363 1.239170 0.248047
v -0.763363 1.190462 0.248047
v -0.695121 1.239170 0.401320
v -0.695121 1.190462 0.401320
v -0.596462 1.239170 0.537080
v -0.596462 1.190462 0.537080
v -0.471791 1.239170 0.649367
v -0.471791 1.190462 0.649367
v -0.326445 1.239170 0.733258
v -0.326445 1.190462 0.733258
v -0.166902 1.239170 0.785075
v -0.166902 1.190462 0.785075
v 0.000000 1.239170 0.802641
v 0.000000 1.190462 0.802641
v 0.166902 1.239170 0.785075
v 0.170063 -1.250000 0.800102
v 0.178612 -1.250000 0.840208
v 0.349400 -1.250000 0.784712
v 0.332715 -1.250000 0.747249
v 0.504902 -1.250000 0.694914
v 0.480755 -1.250000 0.661751
v 0.638330 -1.250000 0.574751
v 0.708386 -1.250000 0.408989
v 0.607862 -1.250000 0.547340
v 0.777924 -1.250000 0.252762
v 0.743881 -1.250000 0.429509
v 0.813470 -1.250000 0.085498
v 0.816942 -1.250000 0.265457
v 0.854250 -1.250000 0.089798
v 0.854250 -1.250000 -0.089798
v 0.813470 -1.250000 -0.085498
v 0.816942 -1.250000 -0.265457
v 0.777924 -1.250000 -0.252762
v 0.743881 -1.250000 -0.429509
v 0.708386 -1.250000 -0.408989
v 0.638330 -1.250000 -0.574751
v 0.480755 -1.250000 -0.661751
v 0.607862 -1.250000 -0.547340
v 0.332715 -1.250000 -0.747249
v 0.504902 -1.250000 -0.694914
v 0.170063 -1.250000 -0.800050
v 0.349400 -1.250000 -0.784712
v 0.000000 -1.250000 -0.817927
v 0.178612 -1.250000 -0.840208
v 0.000000 -1.250000 -0.858965
v -0.178612 -1.250000 -0.840208
v -0.170062 -1.250000 -0.800050
v -0.349400 -1.250000 -0.784712
v -0.332715 -1.250000 -0.747249
v -0.504902 -1.250000 -0.694914
v -0.480755 -1.250000 -0.661751
v -0.638330 -1.250000 -0.574751
v -0.708386 -1.250000 -0.408989
v -0.607861 -1.250000 -0.547340
v -0.777924 -1.250000 -0.252762
v -0.743880 -1.250000 -0.429509
v -0.813470 -1.250000 -0.085498
v -0.816942 -1.250000 -0.265457
v -0.854250 -1.250000 -0.089798
v -0.854250 -1.250000 0.089798
v -0.813470 -1.250000 0.085498
v -0.816942 -1.250000 0.265457
v -0.777924 -1.250000 0.252762
v -0.743880 -1.250000 0.429509
v -0.708386 -1.250000 0.408989
v -0.638330 -1.250000 0.574751
v -0.480755 -1.250000 0.661751
v -0.607861 -1.250000 0.547340
v -0.332715 -1.250000 0.747249
v -0.504902 -1.250000 0.694914
v -0.170062 -1.250000 0.800050
v -0.349400 -1.250000 0.784712
v 0.000000 -1.250000 0.817927
v -0.178612 -1.250000 0.840208
v 0.000000 -1.250000 0.858965
v 0.170063 -1.243419 0.800102
v 0.332715 -1.243419 0.747249
v 0.480755 -1.243419 0.661751
v 0.607862 -1.243419 0.547340
v 0.708386 -1.243419 0.408989
v 0.777924 -1.243419 0.252762
v 0.813470 -1.243419 0.085498
v 0.813470 -1.243419 -0.085498
v 0.777924 -1.243419 -0.252762
v 0.708386 -1.243419 -0.408989
v 0.607862 -1.243419 -0.547340
v 0.332715 -1.243419 -0.747249
v 0.480755 -1.243419 -0.661751
v 0.170063 -1.243419 -0.800050
v 0.000000 -1.243419 -0.817927
v -0.170062 -1.243419 -0.800050
v -0.332715 -1.243419 -0.747249
v -0.607861 -1.243419 -0.547340
v -0.480755 -1.243419 -0.661751
v -0.708386 -1.243419 -0.408989
v -0.777924 -1.243419 -0.252762
v -0.813470 -1.243419 -0.085498
v -0.813470 -1.243419 0.085498
v -0.777924 -1.243419 0.252762
v -0.708386 -1.243419 0.408989
v -0.607861 -1.243419 0.547340
v -0.480755 -1.243419 0.661751
v -0.332715 -1.243419 0.747249
v -0.170062 -1.243419 0.800050
v 0.000000 -1.243419 0.817927
v -0.638330 0.382692 -0.574751
v -0.638330 1.197924 -0.574751
v -0.504902 1.197924 -0.694914
v -0.504902 0.382692 -0.694914
v -0.349400 1.197924 -0.784712
v -0.349400 0.382692 -0.784712
v -0.178612 1.197924 -0.840208
v 0.000000 0.382692 -0.858965
v -0.178612 0.382692 -0.840208
v 0.178612 0.382692 -0.840208
v 0.000000 1.197924 -0.858965
v 0.178612 1.197924 -0.840208
v 0.349400 1.197924 -0.784712
v 0.349400 0.382692 -0.784712
v 0.504902 1.197924 -0.694914
v 0.504902 0.382692 -0.694914
v 0.638330 1.197924 -0.574751
v 0.638330 0.382692 -0.574751
v 0.743881 1.197924 -0.429509
v 0.743881 0.382692 -0.429509
v 0.816942 1.197924 -0.265457
v 0.816942 0.382692 -0.265457
v 0.854250 1.197924 -0.089798
v 0.854250 0.382692 -0.089798
v 0.854250 1.197924 0.089798
v 0.854250 0.382692 0.089798
v 0.816942 1.197924 0.265457
v 0.816942 0.382692 0.265457
v 0.743881 1.197924 0.429509
v 0.743881 0.382692 0.429509
v 0.638330 1.197924 0.574751
v 0.638330 0.382692 0.574751
v 0.504902 1.197924 0.694914
v 0.504902 0.382692 0.694914
v 0.349400 1.197924 0.784712
v 0.349400 0.382692 0.784712
v 0.178612 1.197924 0.840208
v 0.000000 0.382692 0.858965
v 0.178612 0.382692 0.840208
v 0.178612 1.197924 0.840208
v -0.178612 0.382692 0.840208
v 0.000000 1.197924 0.858965
v -0.178612 1.197924 0.840208
v -0.349400 1.197924 0.784712
v -0.349400 0.382692 0.784712
v -0.504902 1.197924 0.694914
v -0.504902 0.382692 0.694914
v -0.638330 1.197924 0.574751
v -0.638330 0.382692 0.574751
v -0.743880 1.197924 0.429509
v -0.743880 0.382692 0.429509
v -0.816942 1.197924 0.265457
v -0.816942 0.382692 0.265457
v -0.854250 1.197924 0.089798
v -0.854250 0.382692 0.089798
v -0.854250 1.197924 -0.089798
v -0.854250 0.382692 -0.089798
v -0.816942 1.197924 -0.265457
v -0.816942 0.382692 -0.265457
v -0.743880 1.197924 -0.429509
v -0.743880 0.382692 -0.429509
v -0.654341 0.367769 -0.589156
v -0.654341 0.362276 -0.589156
v -0.517545 0.362276 -0.712324
v -0.517545 0.367769 -0.712324
v -0.358105 0.362276 -0.804350
v -0.358105 0.367769 -0.804350
v -0.183068 0.362276 -0.861245
v -0.183068 0.367769 -0.861245
v 0.000000 0.362276 -0.880469
v 0.000000 0.367769 -0.880469
v 0.183068 0.362276 -0.861245
v 0.183068 0.367769 -0.861245
v 0.358105 0.362276 -0.804350
v 0.358105 0.367769 -0.804350
v 0.517545 0.362276 -0.712324
v 0.517545 0.367769 -0.712324
v 0.654341 0.362276 -0.589156
v 0.654341 0.367769 -0.589156
v 0.762535 0.362276 -0.440235
v 0.762535 0.367769 -0.440235
v 0.837358 0.362276 -0.272089
v 0.837358 0.367769 -0.272089
v 0.875650 0.362276 -0.092026
v 0.875650 0.367769 -0.092026
v 0.875650 0.362276 0.092026
v 0.875650 0.367769 0.092026
v 0.837358 0.362276 0.272089
v 0.837358 0.367769 0.272089
v 0.762535 0.362276 0.440235
v 0.762535 0.367769 0.440235
v 0.654341 0.362276 0.589156
v 0.654341 0.367769 0.589156
v 0.517545 0.362276 0.712324
v 0.517545 0.367769 0.712324
v 0.358105 0.362276 0.804350
v 0.358105 0.367769 0.804350
v 0.183068 0.362276 0.861245
v 0.183068 0.367769 0.861245
v 0.183068 0.362276 0.861245
v 0.000000 0.362276 0.880469
v 0.000000 0.367769 0.880469
v -0.183068 0.362276 0.861245
v -0.183068 0.367769 0.861245
v -0.358105 0.362276 0.804350
v -0.358105 0.367769 0.804350
v -0.517545 0.362276 0.712324
v -0.517545 0.367769 0.712324
v -0.654341 0.362276 0.589156
v -0.654341 0.367769 0.589156
v -0.762534 0.362276 0.440235
v -0.762534 0.367769 0.440235
v -0.837358 0.362276 0.272089
v -0.837358 0.367769 0.272089
v -0.875650 0.362276 0.092026
v -0.875650 0.367769 0.092026
v -0.875650 0.362276 -0.092026
v -0.875650 0.367769 -0.092026
v -0.837358 0.362276 -0.272089
v -0.837358 0.367769 -0.272089
v -0.762534 0.362276 -0.440235
v -0.762534 0.367769 -0.440235
v -0.504902 0.347353 -0.694914
v -0.638330 0.347353 -0.574751
v -0.349400 0.347353 -0.784712
v -0.178612 0.347353 -0.840208
v 0.178612 0.347353 -0.840208
v 0.000000 0.347353 -0.858965
v 0.349400 0.347353 -0.784712
v 0.504902 0.347353 -0.694914
v 0.638330 0.347353 -0.574751
v 0.743881 0.347353 -0.429509
v 0.816942 0.347353 -0.265457
v 0.854250 0.347353 -0.089798
v 0.816942 0.347353 0.265457
v 0.854250 0.347353 0.089798
v 0.743881 0.347353 0.429509
v 0.638330 0.347353 0.574751
v 0.504902 0.347353 0.694914
v 0.349400 0.347353 0.784712
v 0.183068 0.367769 0.861245
v 0.178612 0.382692 0.840208
v 0.178612 0.347353 0.840208
v -0.178612 0.347353 0.840208
v 0.000000 0.347353 0.858965
v -0.349400 0.347353 0.784712
v -0.504902 0.347353 0.694914
v -0.638330 0.347353 0.574751
v -0.743880 0.347353 0.429509
v -0.816942 0.347353 0.265457
v -0.854250 0.347353 0.089798
v -0.816942 0.347353 -0.265457
v -0.854250 0.347353 -0.089798
v -0.743880 0.347353 -0.429509
v -0.515006 -0.438913 0.708801
v -0.515006 -0.433162 0.708801
v -0.651128 -0.433162 0.586254
v -0.651128 -0.438913 0.586254
v -0.758752 -0.433162 0.438058
v -0.758752 -0.438913 0.438058
v -0.833264 -0.433162 0.270742
v -0.833264 -0.438913 0.270742
v -0.871349 -0.433162 0.091560
v -0.871349 -0.438913 0.091560
v -0.871349 -0.433162 -0.091560
v -0.871349 -0.438913 -0.091560
v -0.833264 -0.433162 -0.270742
v -0.833264 -0.438913 -0.270742
v -0.758752 -0.433162 -0.438058
v -0.758752 -0.438913 -0.438058
v -0.651128 -0.433162 -0.586254
v -0.651128 -0.438913 -0.586254
v -0.515006 -0.433162 -0.708801
v -0.515006 -0.438913 -0.708801
v -0.356343 -0.433162 -0.800412
v -0.356343 -0.438913 -0.800412
v -0.182136 -0.433162 -0.856996
v -0.182136 -0.438913 -0.856996
v 0.000000 -0.433162 -0.876168
v 0.000000 -0.438913 -0.876168
v 0.182136 -0.433162 -0.856996
v 0.182136 -0.438913 -0.856996
v 0.356343 -0.433162 -0.800412
v 0.356343 -0.438913 -0.800412
v 0.515006 -0.433162 -0.708801
v 0.515006 -0.438913 -0.708801
v 0.651129 -0.433162 -0.586254
v 0.651129 -0.438913 -0.586254
v 0.758752 -0.433162 -0.438058
v 0.758752 -0.438913 -0.438058
v 0.833264 -0.433162 -0.270742
v 0.833264 -0.438913 -0.270742
v 0.871350 -0.433162 -0.091560
v 0.871350 -0.438913 -0.091560
v 0.871350 -0.433162 0.091560
v 0.871350 -0.438913 0.091560
v 0.833264 -0.433162 0.270742
v 0.833264 -0.438913 0.270742
v 0.758752 -0.433162 0.438058
v 0.758752 -0.438913 0.438058
v 0.651129 -0.433162 0.586254
v 0.651129 -0.438913 0.586254
v 0.515006 -0.433162 0.708801
v 0.515006 -0.438913 0.708801
v 0.356343 -0.433162 0.800412
v 0.356343 -0.438913 0.800412
v 0.182136 -0.433162 0.856996
v 0.182136 -0.438913 0.856996
v 0.182136 -0.433162 0.856996
v 0.000000 -0.433162 0.876168
v 0.000000 -0.438913 0.876168
v -0.182136 -0.433162 0.856996
v -0.182136 -0.438913 0.856996
v -0.356343 -0.433162 0.800412
v -0.356343 -0.438913 0.800412
v -0.504902 -0.412798 0.694914
v -0.638330 -0.412798 0.574751
v -0.743880 -0.412798 0.429509
v -0.816942 -0.412798 0.265457
v -0.854250 -0.412798 0.089798
v -0.854250 -0.412798 -0.089798
v -0.743880 -0.412798 -0.429509
v -0.816942 -0.412798 -0.265457
v -0.638330 -0.412798 -0.574751
v -0.504902 -0.412798 -0.694914
v -0.349400 -0.412798 -0.784712
v 0.000000 -0.412798 -0.858965
v -0.178612 -0.412798 -0.840208
v 0.178612 -0.412798 -0.840208
v 0.349400 -0.412798 -0.784712
v 0.504902 -0.412798 -0.694914
v 0.638330 -0.412798 -0.574751
v 0.816942 -0.412798 -0.265457
v 0.743881 -0.412798 -0.429509
v 0.854250 -0.412798 -0.089798
v 0.854250 -0.412798 0.089798
v 0.816942 -0.412798 0.265457
v 0.743881 -0.412798 0.429509
v 0.638330 -0.412798 0.574751
v 0.504902 -0.412798 0.694914
v 0.349400 -0.412798 0.784712
v 0.178612 0.347353 0.840208
v 0.178612 -0.412798 0.840208
v 0.000000 -0.412798 0.858965
v -0.178612 -0.412798 0.840208
v -0.349400 -0.412798 0.784712
v 0.182136 -0.438913 0.856996
v 0.178612 -0.412798 0.840208
v -0.816942 1.197924 -0.265457
v -0.854250 1.197924 -0.089798
v -0.816942 1.239170 -0.265457
v -0.743880 1.197924 -0.429509
v -0.743880 1.239170 -0.429509
v -0.638330 1.197924 -0.574751
v -0.638330 1.239170 -0.574751
v -0.504902 1.197924 -0.694914
v -0.504902 1.239170 -0.694914
v -0.349400 1.197924 -0.784712
v -0.349400 1.239170 -0.784712
v -0.178612 1.239170 -0.840208
v -0.178612 1.197924 -0.840208
v 0.000000 1.239170 -0.858965
v 0.178612 1.197924 -0.840208
v 0.000000 1.197924 -0.858965
v 0.178612 1.239170 -0.840208
v 0.349400 1.197924 -0.784712
v 0.349400 1.239170 -0.784712
v 0.504902 1.239170 -0.694914
v 0.504902 1.197924 -0.694914
v 0.638330 1.239170 -0.574751
v 0.638330 1.197924 -0.574751
v 0.743881 1.239170 -0.429509
v 0.743881 1.197924 -0.429509
v 0.816942 1.239170 -0.265457
v 0.816942 1.197924 -0.265457
v 0.854250 1.239170 -0.089798
v 0.854250 1.197924 -0.089798
v 0.854250 1.239170 0.089798
v 0.816942 1.197924 0.265457
v 0.854250 1.197924 0.089798
v 0.816942 1.239170 0.265457
v 0.743881 1.197924 0.429509
v 0.743881 1.239170 0.429509
v 0.638330 1.197924 0.574751
v 0.638330 1.239170 0.574751
v 0.504902 1.197924 0.694914
v 0.504902 1.239170 0.694914
v 0.349400 1.197924 0.784712
v 0.349400 1.239170 0.784712
v 0.178612 1.239170 0.840208
v 0.178612 1.197924 0.840208
v 0.000000 1.239170 0.858965
v -0.178612 1.197924 0.840208
v 0.000000 1.197924 0.858965
v -0.178612 1.239170 0.840208
v -0.349400 1.197924 0.784712
v -0.349400 1.239170 0.784712
v -0.504902 1.239170 0.694914
v -0.504902 1.197924 0.694914
v -0.638330 1.239170 0.574751
v -0.638330 1.197924 0.574751
v -0.743880 1.239170 0.429509
v -0.743880 1.197924 0.429509
v -0.816942 1.239170 0.265457
v -0.816942 1.197924 0.265457
v -0.854250 1.239170 0.089798
v -0.854250 1.197924 0.089798
v -0.854250 1.239170 -0.089798
v 0.332715 1.239170 0.747249
v 0.332715 1.190462 0.747249
v 0.170062 1.190462 0.800102
v 0.480755 1.239170 0.661751
v 0.480755 1.190462 0.661751
v 0.607862 1.239170 0.547340
v 0.708386 1.239170 0.408989
v 0.607862 1.190462 0.547340
v 0.777924 1.239170 0.252762
v 0.777924 1.190462 0.252762
v 0.708386 1.190462 0.408989
v 0.813470 1.239170 0.085498
v 0.813470 1.190462 0.085498
v 0.813470 1.239170 -0.085498
v 0.777924 1.239170 -0.252762
v 0.813470 1.190462 -0.085498
v 0.708386 1.239170 -0.408989
v 0.777924 1.190462 -0.252762
v 0.607862 1.239170 -0.547340
v 0.607862 1.190462 -0.547340
v 0.708386 1.190462 -0.408989
v 0.480755 1.239170 -0.661751
v 0.480755 1.190462 -0.661751
v 0.332715 1.239170 -0.747249
v 0.170062 1.239170 -0.800050
v 0.332715 1.190462 -0.747249
v 0.000000 1.239170 -0.817927
v 0.000000 1.190462 -0.817927
v 0.170062 1.190462 -0.800050
v -0.170062 1.239170 -0.800050
v -0.332715 1.239170 -0.747249
v -0.332715 1.190462 -0.747249
v -0.170062 1.190462 -0.800050
v -0.480755 1.239170 -0.661751
v -0.480755 1.190462 -0.661751
v -0.607862 1.239170 -0.547340
v -0.708386 1.239170 -0.408989
v -0.607862 1.190462 -0.547340
v -0.777924 1.239170 -0.252762
v -0.777924 1.190462 -0.252762
v -0.708386 1.190462 -0.408989
v -0.813470 1.239170 -0.085498
v -0.813470 1.190462 -0.085498
v -0.813470 1.239170 0.085498
v -0.777924 1.239170 0.252762
v -0.813470 1.190462 0.085498
v -0.708386 1.239170 0.408989
v -0.777924 1.190462 0.252762
v -0.607862 1.239170 0.547340
v -0.607862 1.190462 0.547340
v -0.708386 1.190462 0.408989
v -0.480755 1.239170 0.661751
v -0.480755 1.190462 0.661751
v -0.332715 1.239170 0.747249
v -0.170062 1.239170 0.800050
v -0.332715 1.190462 0.747249
v 0.000000 1.239170 0.817927
v 0.000000 1.190462 0.817927
v -0.170062 1.190462 0.800050
v 0.170062 1.239170 0.800102
v 0.349400 1.239170 0.784712
v 0.341058 1.250000 0.765954
v 0.174311 1.250000 0.820155
v 0.332715 1.239170 0.747249
v 0.170062 1.239170 0.800102
v 0.504902 1.239170 0.694914
v 0.492829 1.250000 0.678332
v 0.638330 1.239170 0.574751
v 0.623096 1.250000 0.561019
v 0.480755 1.239170 0.661751
v 0.743881 1.239170 0.429509
v 0.726107 1.250000 0.419249
v 0.607862 1.239170 0.547340
v 0.816942 1.239170 0.265457
v 0.797407 1.250000 0.259083
v 0.777924 1.239170 0.252762
v 0.708386 1.239170 0.408989
v 0.854250 1.239170 0.089798
v 0.833886 1.250000 0.087622
v 0.854250 1.239170 -0.089798
v 0.833886 1.250000 -0.087622
v 0.813470 1.239170 0.085498
v 0.816942 1.239170 -0.265457
v 0.797407 1.250000 -0.259083
v 0.777924 1.239170 -0.252762
v 0.813470 1.239170 -0.085498
v 0.743881 1.239170 -0.429509
v 0.726107 1.250000 -0.419249
v 0.638330 1.239170 -0.574751
v 0.623096 1.250000 -0.561019
v 0.607862 1.239170 -0.547340
v 0.708386 1.239170 -0.408989
v 0.504902 1.239170 -0.694914
v 0.492829 1.250000 -0.678332
v 0.480755 1.239170 -0.661751
v 0.349400 1.239170 -0.784712
v 0.341058 1.250000 -0.765954
v 0.332715 1.239170 -0.747249
v 0.178612 1.239170 -0.840208
v 0.174311 1.250000 -0.820155
v 0.000000 1.239170 -0.858965
v 0.000000 1.250000 -0.838446
v 0.170062 1.239170 -0.800050
v -0.178612 1.239170 -0.840208
v -0.174311 1.250000 -0.820155
v -0.170062 1.239170 -0.800050
v 0.000000 1.239170 -0.817927
v -0.349400 1.239170 -0.784712
v -0.341057 1.250000 -0.765954
v -0.332715 1.239170 -0.747249
v -0.504902 1.239170 -0.694914
v -0.492829 1.250000 -0.678332
v -0.638330 1.239170 -0.574751
v -0.623096 1.250000 -0.561019
v -0.480755 1.239170 -0.661751
v -0.743880 1.239170 -0.429509
v -0.726107 1.250000 -0.419249
v -0.607862 1.239170 -0.547340
v -0.816942 1.239170 -0.265457
v -0.797407 1.250000 -0.259083
v -0.777924 1.239170 -0.252762
v -0.708386 1.239170 -0.408989
v -0.854250 1.239170 -0.089798
v -0.833886 1.250000 -0.087622
v -0.854250 1.239170 0.089798
v -0.833886 1.250000 0.087622
v -0.813470 1.239170 -0.085498
v -0.816942 1.239170 0.265457
v -0.797407 1.250000 0.259083
v -0.777924 1.239170 0.252762
v -0.813470 1.239170 0.085498
v -0.743880 1.239170 0.429509
v -0.726107 1.250000 0.419249
v -0.638330 1.239170 0.574751
v -0.623096 1.250000 0.561019
v -0.607862 1.239170 0.547340
v -0.708386 1.239170 0.408989
v -0.504902 1.239170 0.694914
v -0.492829 1.250000 0.678332
v -0.480755 1.239170 0.661751
v -0.349400 1.239170 0.784712
v -0.341057 1.250000 0.765954
v -0.332715 1.239170 0.747249
v -0.178612 1.239170 0.840208
v -0.174311 1.250000 0.820155
v 0.000000 1.239170 0.858965
v 0.000000 1.250000 0.838446
v -0.170062 1.239170 0.800050
v 0.178612 1.239170 0.840208
v 0.000000 1.239170 0.817927
v 0.182291 -1.243419 0.857514
v 0.178612 -1.243419 0.840208
v 0.349400 -1.243419 0.784712
v 0.178612 -1.222382 0.840208
v 0.182291 -1.222382 0.857514
v 0.504902 -1.243419 0.694914
v 0.638330 -1.243419 0.574751
v 0.743881 -1.243419 0.429509
v 0.816942 -1.243419 0.265457
v 0.854250 -1.243419 0.089798
v 0.854250 -1.243419 -0.089798
v 0.816942 -1.243419 -0.265457
v 0.743881 -1.243419 -0.429509
v 0.638330 -1.243419 -0.574751
v 0.504902 -1.243419 -0.694914
v 0.349400 -1.243419 -0.784712
v 0.178612 -1.243419 -0.840208
v 0.000000 -1.243419 -0.858965
v -0.178612 -1.243419 -0.840208
v -0.349400 -1.243419 -0.784712
v -0.504902 -1.243419 -0.694914
v -0.638330 -1.243419 -0.574751
v -0.743880 -1.243419 -0.429509
v -0.816942 -1.243419 -0.265457
v -0.854250 -1.243419 -0.089798
v -0.854250 -1.243419 0.089798
v -0.816942 -1.243419 0.265457
v -0.743880 -1.243419 0.429509
v -0.638330 -1.243419 0.574751
v -0.504902 -1.243419 0.694914
v -0.349400 -1.243419 0.784712
v -0.178612 -1.243419 0.840208
v 0.000000 -1.243419 0.858965
v 0.349400 -1.243419 0.784712
v 0.178612 -1.243419 0.840208
v 0.504902 -1.243419 0.694914
v 0.638330 -1.243419 0.574751
v 0.743881 -1.243419 0.429509
v 0.816942 -1.243419 0.265457
v 0.854250 -1.243419 -0.089798
v 0.854250 -1.243419 0.089798
v 0.816942 -1.243419 -0.265457
v 0.743881 -1.243419 -0.429509
v 0.638330 -1.243419 -0.574751
v 0.504902 -1.243419 -0.694914
v 0.349400 -1.243419 -0.784712
v 0.178612 -1.243419 -0.840208
v -0.178612 -1.243419 -0.840208
v 0.000000 -1.243419 -0.858965
v -0.349400 -1.243419 -0.784712
v -0.504902 -1.243419 -0.694914
v -0.638330 -1.243419 -0.574751
v -0.743880 -1.243419 -0.429509
v -0.816942 -1.243419 -0.265457
v -0.854250 -1.243419 0.089798
v -0.854250 -1.243419 -0.089798
v -0.816942 -1.243419 0.265457
v -0.743880 -1.243419 0.429509
v -0.638330 -1.243419 0.574751
v -0.504902 -1.243419 0.694914
v -0.349400 -1.243419 0.784712
v -0.178612 -1.243419 0.840208
v 0.000000 -1.243419 0.858965
v 0.182291 -1.243419 0.857514
v 0.182291 -1.243419 0.857514
v 0.178612 -1.243419 0.840208
vn 0.3091 -0.0000 0.9510
vn 0.5000 -0.0000 0.8660
vn 0.6691 -0.0000 0.7432
vn 0.8091 -0.0000 0.5877
vn 0.9135 -0.0000 0.4068
vn 0.9782 -0.0000 0.2078
vn 1.0000 -0.0000 -0.0000
vn 0.9782 -0.0000 -0.2078
vn 0.9135 -0.0000 -0.4068
vn 0.8091 -0.0000 -0.5877
vn 0.6691 -0.0000 -0.7432
vn 0.5000 -0.0000 -0.8660
vn 0.3091 -0.0000 -0.9510
vn 0.1046 -0.0000 -0.9945
vn -0.1046 -0.0000 -0.9945
vn -0.3091 -0.0000 -0.9510
vn -0.5000 -0.0000 -0.8660
vn -0.6691 -0.0000 -0.7432
vn -0.8091 -0.0000 -0.5877
vn -0.9135 -0.0000 -0.4068
vn -0.9782 -0.0000 -0.2078
vn -1.0000 -0.0000 -0.0000
vn -0.9782 -0.0000 0.2078
vn -0.9135 -0.0000 0.4068
vn -0.8091 -0.0000 0.5877
vn -0.6691 -0.0000 0.7432
vn -0.5000 -0.0000 0.8660
vn -0.3091 -0.0000 0.9510
vn -0.1046 -0.0000 0.9945
vn 0.1046 -0.0000 0.9945
vn -0.0000 -1.0000 -0.0000
vn -0.0000 1.0000 -0.0000
vn -0.6691 -0.0000 -0.7431
vn -0.3090 -0.0000 -0.9511
vn 0.3090 -0.0000 -0.9511
vn 0.6691 -0.0000 -0.7431
vn 0.6691 -0.0000 0.7431
vn 0.3090 -0.0000 0.9511
vn -0.3090 -0.0000 0.9511
vn -0.6691 -0.0000 0.7431
vn -0.8089 -0.0000 -0.5879
vn -0.6692 -0.0000 -0.7431
vn -0.5001 -0.0000 -0.8660
vn -0.1044 -0.0000 -0.9945
vn 0.1044 -0.0000 -0.9945
vn 0.5001 -0.0000 -0.8660
vn 0.6692 -0.0000 -0.7431
vn 0.8089 -0.0000 -0.5879
vn 0.8089 -0.0000 0.5879
vn 0.6692 -0.0000 0.7431
vn 0.5001 -0.0000 0.8660
vn 0.1044 -0.0000 0.9945
vn -0.1044 -0.0000 0.9945
vn -0.5001 -0.0000 0.8660
vn -0.6692 -0.0000 0.7431
vn -0.8089 -0.0000 0.5879
vn -0.3089 -0.0000 -0.9511
vn -0.4999 -0.0000 -0.8661
vn -0.6692 -0.0000 -0.7430
vn -0.8090 -0.0000 -0.5879
vn -0.9135 -0.0000 -0.4067
vn -0.9135 -0.0000 0.4067
vn -0.8090 -0.0000 0.5879
vn -0.6692 -0.0000 0.7430
vn -0.4999 -0.0000 0.8661
vn -0.3089 -0.0000 0.9511
vn -0.1047 -0.0000 0.9945
vn 0.1047 -0.0000 0.9945
vn 0.3089 -0.0000 0.9511
vn 0.4999 -0.0000 0.8661
vn 0.6692 -0.0000 0.7430
vn 0.8090 -0.0000 0.5879
vn 0.9135 -0.0000 0.4067
vn 0.9135 -0.0000 -0.4067
vn 0.8090 -0.0000 -0.5879
vn 0.6692 -0.0000 -0.7430
vn 0.4999 -0.0000 -0.8661
vn 0.3089 -0.0000 -0.9511
vn 0.1047 -0.0000 -0.9945
vn -0.1047 -0.0000 -0.9945
vn -0.3090 -0.0000 -0.9510
vn -0.6690 -0.0000 -0.7433
vn -0.8090 -0.0000 -0.5878
vn -0.9136 -0.0000 -0.4066
vn -0.9782 -0.0000 -0.2079
vn -0.9782 -0.0000 0.2079
vn -0.9136 -0.0000 0.4066
vn -0.8090 -0.0000 0.5878
vn -0.6690 -0.0000 0.7433
vn -0.3088 -0.0000 0.9511
vn -0.1045 -0.0000 0.9945
vn 0.1045 -0.0000 0.9945
vn 0.3088 -0.0000 0.9511
vn 0.6690 -0.0000 0.7432
vn 0.8090 -0.0000 0.5878
vn 0.9136 -0.0000 0.4066
vn 0.9782 -0.0000 0.2079
vn 0.9782 -0.0000 -0.2079
vn 0.9136 -0.0000 -0.4066
vn 0.8090 -0.0000 -0.5878
vn 0.6690 -0.0000 -0.7432
vn 0.3088 -0.0000 -0.9511
vn 0.1045 -0.0000 -0.9945
vn -0.1042 -0.0000 -0.9946
vn -0.9781 -0.0000 0.2080
vn -0.9781 -0.0000 -0.2080
vn 0.9781 -0.0000 -0.2080
vn 0.9781 -0.0000 0.2080
vn -0.4617 -0.7238 -0.5127
vn -0.4619 0.7235 -0.5130
vn -0.3451 -0.7235 -0.5979
vn -0.3455 0.7229 -0.5984
vn -0.2136 -0.7230 -0.6570
vn -0.2134 0.7233 -0.6567
vn -0.0721 -0.7233 -0.6867
vn -0.0721 0.7233 -0.6867
vn 0.0721 -0.7233 -0.6867
vn 0.0721 0.7233 -0.6867
vn 0.2134 -0.7233 -0.6567
vn 0.2136 0.7230 -0.6570
vn 0.3455 -0.7229 -0.5984
vn 0.3451 0.7235 -0.5979
vn 0.4619 -0.7235 -0.5130
vn 0.4617 0.7238 -0.5127
vn 0.5582 -0.7239 -0.4055
vn 0.5585 0.7235 -0.4058
vn 0.6306 -0.7236 -0.2806
vn 0.6314 0.7227 -0.2812
vn 0.6760 -0.7227 -0.1438
vn 0.6753 0.7235 -0.1434
vn 0.6903 -0.7235 -0.0000
vn 0.6903 0.7235 -0.0000
vn 0.6753 -0.7235 0.1434
vn 0.6760 0.7227 0.1438
vn 0.6314 -0.7227 0.2812
vn 0.6306 0.7236 0.2806
vn 0.5585 -0.7235 0.4058
vn 0.5582 0.7239 0.4055
vn 0.4617 -0.7238 0.5127
vn 0.4619 0.7235 0.5130
vn 0.3451 -0.7235 0.5979
vn 0.3455 0.7229 0.5984
vn 0.2136 -0.7230 0.6570
vn 0.2134 0.7233 0.6567
vn 0.0721 -0.7233 0.6867
vn 0.0721 0.7233 0.6867
vn -0.0721 -0.7233 0.6867
vn -0.0721 0.7233 0.6867
vn -0.2134 -0.7233 0.6567
vn -0.2136 0.7230 0.6570
vn -0.3455 -0.7229 0.5984
vn -0.3451 0.7235 0.5979
vn -0.4619 -0.7235 0.5130
vn -0.4617 0.7238 0.5127
vn -0.5582 -0.7239 0.4055
vn -0.5585 0.7235 0.4058
vn -0.6306 -0.7236 0.2806
vn -0.6314 0.7227 0.2812
vn -0.6760 -0.7227 0.1438
vn -0.6753 0.7235 0.1434
vn -0.6903 -0.7235 -0.0000
vn -0.6903 0.7235 -0.0000
vn -0.6753 -0.7235 -0.1434
vn -0.6760 0.7227 -0.1438
vn -0.6314 -0.7227 -0.2812
vn -0.6306 0.7236 -0.2806
vn -0.5585 -0.7235 -0.4058
vn -0.5582 0.7239 -0.4055
vn -0.8091 -0.0000 0.5876
vn -0.9781 -0.0000 0.2079
vn -0.9781 -0.0000 -0.2079
vn -0.8091 -0.0000 -0.5876
vn 0.8091 -0.0000 -0.5876
vn 0.9781 -0.0000 -0.2079
vn 0.9781 -0.0000 0.2079
vn 0.8091 -0.0000 0.5876
vn -0.5132 -0.6417 0.5700
vn -0.5123 0.6433 0.5689
vn -0.6201 -0.6424 0.4503
vn -0.6202 0.6421 0.4507
vn -0.7009 -0.6413 0.3121
vn -0.7002 0.6422 0.3119
vn -0.7505 -0.6413 0.1595
vn -0.7492 0.6429 0.1591
vn -0.7666 -0.6421 -0.0000
vn -0.7658 0.6430 -0.0000
vn -0.7500 -0.6419 -0.1593
vn -0.7497 0.6423 -0.1594
vn -0.7010 -0.6412 -0.3122
vn -0.7002 0.6423 -0.3118
vn -0.6208 -0.6411 -0.4512
vn -0.6194 0.6434 -0.4498
vn -0.5129 -0.6424 -0.5695
vn -0.5126 0.6426 -0.5694
vn -0.3835 -0.6416 -0.6642
vn -0.3833 0.6424 -0.6637
vn -0.2370 -0.6416 -0.7295
vn -0.2369 0.6421 -0.7291
vn -0.0803 -0.6413 -0.7631
vn -0.0800 0.6433 -0.7615
vn 0.0800 -0.6423 -0.7623
vn 0.0802 0.6423 -0.7623
vn 0.2372 -0.6411 -0.7299
vn 0.2367 0.6426 -0.7288
vn 0.3837 -0.6414 -0.6644
vn 0.3831 0.6426 -0.6635
vn 0.5132 -0.6417 -0.5700
vn 0.5123 0.6433 -0.5689
vn 0.6201 -0.6424 -0.4503
vn 0.6202 0.6421 -0.4507
vn 0.7009 -0.6413 -0.3122
vn 0.7002 0.6422 -0.3119
vn 0.7505 -0.6413 -0.1595
vn 0.7492 0.6429 -0.1591
vn 0.7666 -0.6421 -0.0000
vn 0.7658 0.6431 -0.0000
vn 0.7500 -0.6419 0.1593
vn 0.7497 0.6423 0.1594
vn 0.7010 -0.6412 0.3122
vn 0.7002 0.6422 0.3118
vn 0.6208 -0.6411 0.4512
vn 0.6194 0.6434 0.4498
vn 0.5129 -0.6424 0.5695
vn 0.5126 0.6426 0.5694
vn 0.3835 -0.6416 0.6642
vn 0.3833 0.6424 0.6637
vn 0.2370 -0.6416 0.7295
vn 0.2369 0.6421 0.7291
vn 0.0803 -0.6413 0.7631
vn 0.0800 0.6433 0.7615
vn -0.0800 -0.6423 0.7623
vn -0.0802 0.6423 0.7623
vn -0.2372 -0.6411 0.7299
vn -0.2367 0.6426 0.7288
vn -0.3837 -0.6414 0.6644
vn -0.3831 0.6426 0.6635
vn 0.1449 0.8834 0.4456
vn -0.1450 0.8831 -0.4462
vn 0.2345 0.8832 0.4061
vn -0.2347 0.8830 -0.4065
vn 0.3138 0.8832 0.3485
vn -0.3138 0.8833 -0.3484
vn 0.3792 0.8833 0.2756
vn -0.3798 0.8829 -0.2760
vn 0.4277 0.8836 0.1905
vn -0.4290 0.8829 -0.1910
vn 0.4592 0.8830 0.0975
vn -0.4591 0.8830 -0.0977
vn 0.4695 0.8829 -0.0000
vn -0.4686 0.8834 -0.0000
vn 0.4580 0.8836 -0.0975
vn -0.4585 0.8834 0.0974
vn 0.4282 0.8833 -0.1906
vn -0.4289 0.8830 0.1909
vn 0.3794 0.8832 -0.2757
vn -0.3798 0.8829 0.2760
vn 0.3138 0.8833 -0.3484
vn -0.3142 0.8829 0.3491
vn 0.2343 0.8834 -0.4058
vn -0.2345 0.8832 0.4061
vn 0.1449 0.8833 -0.4459
vn -0.1451 0.8829 0.4465
vn 0.0490 0.8833 -0.4662
vn -0.0489 0.8836 0.4656
vn -0.0489 0.8832 -0.4665
vn 0.0490 0.8833 0.4662
vn -0.1449 0.8834 -0.4456
vn 0.1446 0.8836 0.4454
vn -0.2345 0.8832 -0.4061
vn 0.2347 0.8830 0.4065
vn -0.3138 0.8832 -0.3485
vn 0.3138 0.8833 0.3484
vn -0.3792 0.8833 -0.2756
vn 0.3798 0.8829 0.2760
vn -0.4277 0.8836 -0.1905
vn 0.4290 0.8829 0.1910
vn -0.4592 0.8830 -0.0975
vn 0.4591 0.8830 0.0977
vn -0.4695 0.8829 -0.0000
vn 0.4686 0.8834 -0.0000
vn -0.4580 0.8836 0.0975
vn 0.4585 0.8834 -0.0974
vn -0.4282 0.8833 0.1906
vn 0.4289 0.8830 -0.1909
vn -0.3794 0.8832 0.2757
vn 0.3798 0.8829 -0.2760
vn -0.3138 0.8833 0.3484
vn 0.3142 0.8829 -0.3491
vn -0.2343 0.8834 0.4058
vn 0.2345 0.8832 -0.4061
vn -0.1449 0.8833 0.4459
vn 0.1451 0.8829 -0.4465
vn -0.0490 0.8833 0.4662
vn 0.0489 0.8836 -0.4656
vn 0.0489 0.8832 0.4665
vn -0.0489 0.8833 -0.4662
vn 0.0492 -0.9872 0.1515
vn -0.0492 -0.9872 -0.1515
vn 0.0797 -0.9872 0.1379
vn -0.0796 -0.9872 -0.1379
vn 0.1066 -0.9872 0.1183
vn -0.1066 -0.9872 -0.1185
vn 0.1289 -0.9872 0.0937
vn -0.1289 -0.9872 -0.0937
vn 0.1456 -0.9872 0.0648
vn -0.1454 -0.9872 -0.0648
vn 0.1557 -0.9872 0.0331
vn -0.1558 -0.9872 -0.0331
vn 0.1593 -0.9872 -0.0000
vn -0.1593 -0.9872 -0.0000
vn 0.1558 -0.9872 -0.0331
vn -0.1557 -0.9872 0.0331
vn 0.1454 -0.9872 -0.0648
vn -0.1456 -0.9872 0.0648
vn 0.1289 -0.9872 -0.0937
vn -0.1289 -0.9872 0.0937
vn 0.1066 -0.9872 -0.1185
vn -0.1066 -0.9872 0.1183
vn 0.0797 -0.9872 -0.1379
vn -0.0797 -0.9872 0.1379
vn 0.0492 -0.9872 -0.1515
vn -0.0492 -0.9873 0.1513
vn 0.0166 -0.9873 -0.1582
vn -0.0166 -0.9872 0.1583
vn -0.0166 -0.9872 -0.1583
vn 0.0166 -0.9873 0.1583
vn -0.0492 -0.9873 -0.1513
vn -0.0797 -0.9872 -0.1379
vn 0.0796 -0.9872 0.1379
vn -0.1066 -0.9872 -0.1183
vn 0.1066 -0.9872 0.1185
vn -0.1456 -0.9872 -0.0648
vn 0.1454 -0.9872 0.0648
vn -0.1557 -0.9872 -0.0331
vn 0.1558 -0.9872 0.0331
vn -0.1558 -0.9872 0.0331
vn 0.1557 -0.9872 -0.0331
vn -0.1454 -0.9872 0.0648
vn 0.1456 -0.9872 -0.0648
vn -0.1066 -0.9872 0.1185
vn 0.1066 -0.9872 -0.1183
vn -0.0492 -0.9872 0.1515
vn 0.0492 -0.9873 -0.1513
vn -0.0166 -0.9873 0.1582
vn 0.0166 -0.9872 -0.1583
vn 0.0166 -0.9872 0.1583
vn -0.0166 -0.9872 -0.1585
vn -0.4619 -0.7235 -0.5130
vn -0.4617 0.7238 -0.5127
vn -0.3455 -0.7229 -0.5984
vn -0.3451 0.7235 -0.5979
vn -0.2134 -0.7233 -0.6567
vn -0.2136 0.7230 -0.6570
vn 0.2136 -0.7230 -0.6570
vn 0.2134 0.7233 -0.6567
vn 0.3451 -0.7235 -0.5979
vn 0.3455 0.7229 -0.5984
vn 0.4617 -0.7238 -0.5127
vn 0.4619 0.7235 -0.5130
vn 0.5585 -0.7235 -0.4058
vn 0.5582 0.7239 -0.4055
vn 0.6314 -0.7227 -0.2812
vn 0.6306 0.7236 -0.2806
vn 0.6753 -0.7235 -0.1434
vn 0.6760 0.7227 -0.1438
vn 0.6760 -0.7227 0.1438
vn 0.6753 0.7235 0.1434
vn 0.6306 -0.7236 0.2806
vn 0.6314 0.7227 0.2812
vn 0.5582 -0.7239 0.4055
vn 0.5585 0.7235 0.4058
vn 0.4619 -0.7235 0.5130
vn 0.4617 0.7238 0.5127
vn 0.3455 -0.7229 0.5984
vn 0.3451 0.7235 0.5979
vn 0.2134 -0.7233 0.6567
vn 0.2136 0.7230 0.6570
vn -0.2136 -0.7230 0.6570
vn -0.2134 0.7233 0.6567
vn -0.3451 -0.7235 0.5979
vn -0.3455 0.7229 0.5984
vn -0.4617 -0.7238 0.5127
vn -0.4619 0.7235 0.5130
vn -0.5585 -0.7235 0.4058
vn -0.5582 0.7239 0.4055
vn -0.6314 -0.7227 0.2812
vn -0.6306 0.7236 0.2806
vn -0.6753 -0.7235 0.1434
vn -0.6760 0.7227 0.1438
vn -0.6760 -0.7227 -0.1438
vn -0.6753 0.7235 -0.1434
vn -0.6306 -0.7236 -0.2806
vn -0.6314 0.7227 -0.2812
vn -0.5582 -0.7239 -0.4055
vn -0.5585 0.7235 -0.4058
vn -0.5129 -0.6424 0.5695
vn -0.5126 0.6426 0.5694
vn -0.6208 -0.6411 0.4512
vn -0.6194 0.6434 0.4498
vn -0.7010 -0.6412 0.3122
vn -0.7002 0.6423 0.3118
vn -0.7500 -0.6419 0.1593
vn -0.7497 0.6423 0.1594
vn -0.7505 -0.6413 -0.1595
vn -0.7492 0.6429 -0.1591
vn -0.7009 -0.6413 -0.3121
vn -0.7002 0.6422 -0.3119
vn -0.6201 -0.6424 -0.4503
vn -0.6202 0.6421 -0.4507
vn -0.5132 -0.6417 -0.5700
vn -0.5123 0.6433 -0.5689
vn -0.3837 -0.6414 -0.6644
vn -0.3831 0.6426 -0.6635
vn -0.2372 -0.6411 -0.7299
vn -0.2367 0.6426 -0.7288
vn -0.0800 -0.6423 -0.7623
vn -0.0802 0.6423 -0.7623
vn 0.0803 -0.6413 -0.7631
vn 0.0800 0.6433 -0.7615
vn 0.2370 -0.6416 -0.7295
vn 0.2369 0.6421 -0.7291
vn 0.3835 -0.6416 -0.6642
vn 0.3833 0.6424 -0.6637
vn 0.5129 -0.6424 -0.5695
vn 0.5126 0.6426 -0.5694
vn 0.6208 -0.6411 -0.4512
vn 0.6194 0.6434 -0.4498
vn 0.7010 -0.6412 -0.3122
vn 0.7002 0.6422 -0.3118
vn 0.7500 -0.6419 -0.1593
vn 0.7497 0.6423 -0.1594
vn 0.7505 -0.6413 0.1595
vn 0.7492 0.6429 0.1591
vn 0.7009 -0.6413 0.3122
vn 0.7002 0.6422 0.3119
vn 0.6201 -0.6424 0.4503
vn 0.6202 0.6421 0.4507
vn 0.5132 -0.6417 0.5700
vn 0.5123 0.6433 0.5689
vn 0.3837 -0.6414 0.6644
vn 0.3831 0.6426 0.6635
vn 0.2372 -0.6411 0.7299
vn 0.2367 0.6426 0.7288
vn 0.0800 -0.6423 0.7623
vn 0.0802 0.6423 0.7623
vn -0.0803 -0.6413 0.7631
vn -0.0800 0.6433 0.7615
vn -0.2370 -0.6416 0.7295
vn -0.2369 0.6421 0.7291
vn -0.3835 -0.6416 0.6642
vn -0.3833 0.6424 0.6637
vn 0.1449 0.8833 0.4459
vn -0.1451 0.8829 -0.4465
vn 0.2343 0.8834 0.4058
vn -0.3142 0.8829 -0.3491
vn 0.3794 0.8832 0.2757
vn 0.4282 0.8833 0.1906
vn -0.4289 0.8830 -0.1909
vn 0.4580 0.8836 0.0975
vn -0.4585 0.8834 -0.0974
vn 0.4592 0.8830 -0.0975
vn -0.4591 0.8830 0.0977
vn 0.4277 0.8836 -0.1905
vn -0.4290 0.8829 0.1910
vn 0.3792 0.8833 -0.2756
vn 0.3138 0.8832 -0.3485
vn -0.2347 0.8830 0.4065
vn 0.1449 0.8834 -0.4456
vn -0.1446 0.8836 0.4454
vn 0.0489 0.8832 -0.4665
vn -0.0490 0.8833 -0.4662
vn 0.0489 0.8836 0.4656
vn -0.1449 0.8833 -0.4459
vn 0.1451 0.8829 0.4465
vn -0.2343 0.8834 -0.4058
vn 0.3142 0.8829 0.3491
vn -0.3794 0.8832 -0.2757
vn -0.4282 0.8833 -0.1906
vn 0.4289 0.8830 0.1909
vn -0.4580 0.8836 -0.0975
vn 0.4585 0.8834 0.0974
vn -0.4592 0.8830 0.0975
vn 0.4591 0.8830 -0.0977
vn -0.4277 0.8836 0.1905
vn 0.4290 0.8829 -0.1910
vn -0.3792 0.8833 0.2756
vn -0.3138 0.8832 0.3485
vn 0.2347 0.8830 -0.4065
vn -0.1449 0.8834 0.4456
vn 0.1446 0.8836 -0.4454
vn -0.0489 0.8832 0.4665
vn -0.0490 0.8831 -0.4666
vn -0.0796 -0.9872 0.1379
vn -0.0166 -0.9873 0.1583
vn -0.0166 -0.9873 -0.1582
vn 0.0492 -0.9873 0.1513
vn 0.0796 -0.9872 -0.1379
vn 0.0166 -0.9873 -0.1583
vn 0.0166 -0.9872 0.1584
vt 0.005900 0.383200
vt 0.038800 0.383200
vt 0.038800 0.388300
vt 0.071700 0.383200
vt 0.071700 0.388300
vt 0.104600 0.383200
vt 0.104600 0.388300
vt 0.137600 0.383200
vt 0.137600 0.388300
vt 0.170500 0.383200
vt 0.170500 0.388300
vt 0.203400 0.383200
vt 0.203400 0.388300
vt 0.236400 0.383200
vt 0.236400 0.388300
vt 0.269300 0.383200
vt 0.269300 0.388300
vt 0.302200 0.383200
vt 0.302200 0.388300
vt 0.335100 0.383200
vt 0.335100 0.388300
vt 0.368100 0.383200
vt 0.368100 0.388300
vt 0.401000 0.383200
vt 0.401000 0.388300
vt 0.433900 0.383200
vt 0.433900 0.388300
vt 0.466800 0.383200
vt 0.466800 0.388300
vt 0.499800 0.383200
vt 0.499800 0.388300
vt 0.532700 0.383200
vt 0.532700 0.388300
vt 0.565600 0.383200
vt 0.565600 0.388300
vt 0.598500 0.383200
vt 0.598500 0.388300
vt 0.631500 0.383200
vt 0.631500 0.388300
vt 0.664400 0.383200
vt 0.664400 0.388300
vt 0.697300 0.383200
vt 0.697300 0.388300
vt 0.730300 0.383200
vt 0.730300 0.388300
vt 0.763200 0.383200
vt 0.763200 0.388300
vt 0.796100 0.383200
vt 0.796100 0.388300
vt 0.829000 0.383200
vt 0.829000 0.388300
vt 0.862000 0.383200
vt 0.862000 0.388300
vt 0.894900 0.383200
vt 0.894900 0.388300
vt 0.927800 0.383200
vt 0.927800 0.388300
vt 0.960700 0.383200
vt 0.960700 0.388300
vt 0.993700 0.383200
vt 0.993700 0.388300
vt 0.971100 0.120100
vt 0.982100 0.153900
vt 0.815700 0.182400
vt 0.953300 0.089300
vt 0.929500 0.062900
vt 0.900800 0.042000
vt 0.868300 0.027500
vt 0.833500 0.020100
vt 0.798000 0.020100
vt 0.763200 0.027500
vt 0.730700 0.042000
vt 0.701900 0.062900
vt 0.678100 0.089300
vt 0.660400 0.120100
vt 0.649400 0.153900
vt 0.645700 0.189200
vt 0.649400 0.224600
vt 0.660400 0.258400
vt 0.678100 0.289200
vt 0.701900 0.315600
vt 0.730700 0.336500
vt 0.763200 0.351000
vt 0.798000 0.358400
vt 0.833500 0.358400
vt 0.868300 0.351000
vt 0.900800 0.336500
vt 0.929500 0.315600
vt 0.953300 0.289200
vt 0.971100 0.258400
vt 0.982100 0.224600
vt 0.985800 0.189200
vt 0.616900 0.227900
vt 0.605100 0.264300
vt 0.437700 0.182500
vt 0.585900 0.297500
vt 0.560300 0.326000
vt 0.529300 0.348500
vt 0.494300 0.364100
vt 0.456900 0.372000
vt 0.418600 0.372000
vt 0.381100 0.364100
vt 0.346100 0.348500
vt 0.315100 0.326000
vt 0.289500 0.297500
vt 0.270300 0.264300
vt 0.258500 0.227900
vt 0.254500 0.189800
vt 0.258500 0.151700
vt 0.270300 0.115300
vt 0.289500 0.082100
vt 0.315100 0.053700
vt 0.346100 0.031100
vt 0.381100 0.015600
vt 0.418600 0.007600
vt 0.456900 0.007600
vt 0.494300 0.015600
vt 0.529300 0.031100
vt 0.560300 0.053700
vt 0.585900 0.082100
vt 0.605100 0.115300
vt 0.616900 0.151700
vt 0.620900 0.189800
vt -0.002600 0.578900
vt -0.002600 0.585900
vt 0.019200 0.585900
vt 0.019200 0.578900
vt 0.061900 0.585900
vt 0.061900 0.578900
vt 0.123500 0.585900
vt 0.123500 0.578900
vt 0.201400 0.585900
vt 0.201400 0.578900
vt 0.292100 0.585900
vt 0.292100 0.578900
vt 0.391800 0.585900
vt 0.391800 0.578900
vt 0.496100 0.585900
vt 0.496100 0.578900
vt 0.600300 0.585900
vt 0.600300 0.578900
vt 0.700000 0.585900
vt 0.700000 0.578900
vt 0.790800 0.585900
vt 0.790800 0.578900
vt 0.868700 0.585900
vt 0.868700 0.578900
vt 0.930300 0.585900
vt 0.930300 0.578900
vt 0.972900 0.585900
vt 0.972900 0.578900
vt 0.994700 0.585900
vt 0.994700 0.578900
vt 0.730300 0.387800
vt 0.730300 0.576700
vt 0.697300 0.576700
vt 0.697300 0.387800
vt 0.664400 0.576700
vt 0.664400 0.387800
vt 0.631500 0.576700
vt 0.598500 0.387800
vt 0.631500 0.387800
vt 0.565600 0.387800
vt 0.598500 0.576700
vt 0.532700 0.387800
vt 0.565600 0.576700
vt 0.532700 0.576700
vt 0.499800 0.576700
vt 0.466800 0.387800
vt 0.499800 0.387800
vt 0.466800 0.576700
vt 0.433900 0.576700
vt 0.401000 0.387800
vt 0.433900 0.387800
vt 0.401000 0.576700
vt 0.368100 0.576700
vt 0.368100 0.387800
vt 0.335100 0.576700
vt 0.335100 0.387800
vt 0.302200 0.576700
vt 0.269300 0.387800
vt 0.302200 0.387800
vt 0.269300 0.576700
vt 0.236400 0.576700
vt 0.236400 0.387800
vt 0.203400 0.576700
vt 0.203400 0.387800
vt 0.170500 0.576700
vt 0.170500 0.387800
vt 0.137600 0.576700
vt 0.137600 0.387800
vt 0.104600 0.576700
vt 0.104600 0.387800
vt 0.071700 0.576700
vt 0.071700 0.387800
vt 0.038800 0.576700
vt 0.038800 0.387800
vt 0.005900 0.576700
vt 0.993700 0.387800
vt 0.993700 0.576700
vt 0.960700 0.576700
vt 0.960700 0.387800
vt 0.927800 0.576700
vt 0.927800 0.387800
vt 0.894900 0.576700
vt 0.894900 0.387800
vt 0.862000 0.576700
vt 0.862000 0.387800
vt 0.829000 0.576700
vt 0.829000 0.387800
vt 0.796100 0.576700
vt 0.796100 0.387800
vt 0.763200 0.576700
vt 0.763200 0.387800
vt 0.690300 0.585900
vt 0.690300 0.577700
vt 0.595300 0.577700
vt 0.776700 0.585900
vt 0.776700 0.577700
vt 0.850900 0.585900
vt 0.850900 0.577700
vt 0.909600 0.585900
vt 0.909600 0.577700
vt 0.950200 0.585900
vt 0.950200 0.577700
vt 0.970900 0.585900
vt 0.970900 0.577700
vt 0.595300 0.585900
vt 0.496100 0.577700
vt 0.396800 0.585900
vt 0.396800 0.577700
vt 0.301900 0.585900
vt 0.301900 0.577700
vt 0.215400 0.585900
vt 0.215400 0.577700
vt 0.141300 0.585900
vt 0.141300 0.577700
vt 0.082600 0.585900
vt 0.082600 0.577700
vt 0.042000 0.585900
vt 0.042000 0.577700
vt 0.021200 0.585900
vt 0.021200 0.577700
vt 0.598500 0.785200
vt 0.598500 0.987000
vt 0.565600 0.987000
vt 0.565600 0.785200
vt 0.532700 0.987000
vt 0.532700 0.785200
vt 0.499800 0.987000
vt 0.466800 0.785200
vt 0.499800 0.785200
vt 0.433900 0.785200
vt 0.466800 0.987000
vt 0.433900 0.987000
vt 0.401000 0.987000
vt 0.401000 0.785200
vt 0.368100 0.987000
vt 0.368100 0.785200
vt 0.335100 0.987000
vt 0.335100 0.785200
vt 0.302200 0.987000
vt 0.302200 0.785200
vt 0.269300 0.987000
vt 0.269300 0.785200
vt 0.236400 0.987000
vt 0.236400 0.785200
vt 0.203400 0.987000
vt 0.203400 0.785200
vt 0.170500 0.987000
vt 0.170500 0.785200
vt 0.137600 0.987000
vt 0.137600 0.785200
vt 0.104600 0.987000
vt 0.104600 0.785200
vt 0.071700 0.987000
vt 0.071700 0.785200
vt 0.038800 0.987000
vt 0.038800 0.785200
vt 0.005900 0.987000
vt 0.960700 0.785200
vt 0.993700 0.785200
vt 0.993700 0.987000
vt 0.927800 0.785200
vt 0.960700 0.987000
vt 0.927800 0.987000
vt 0.894900 0.987000
vt 0.894900 0.785200
vt 0.862000 0.987000
vt 0.862000 0.785200
vt 0.829000 0.987000
vt 0.829000 0.785200
vt 0.796100 0.987000
vt 0.796100 0.785200
vt 0.763200 0.987000
vt 0.763200 0.785200
vt 0.730300 0.987000
vt 0.730300 0.785200
vt 0.697300 0.987000
vt 0.697300 0.785200
vt 0.664400 0.987000
vt 0.664400 0.785200
vt 0.631500 0.987000
vt 0.631500 0.785200
vt 0.598500 0.776400
vt 0.565600 0.776400
vt 0.532700 0.776400
vt 0.499800 0.776400
vt 0.466800 0.776400
vt 0.433900 0.776400
vt 0.401000 0.776400
vt 0.368100 0.776400
vt 0.335100 0.776400
vt 0.302200 0.776400
vt 0.269300 0.776400
vt 0.236400 0.776400
vt 0.203400 0.776400
vt 0.170500 0.776400
vt 0.137600 0.776400
vt 0.104600 0.776400
vt 0.071700 0.776400
vt 0.038800 0.776400
vt 0.005900 0.785200
vt 0.993700 0.776400
vt 0.960700 0.776400
vt 0.927800 0.776400
vt 0.894900 0.776400
vt 0.862000 0.776400
vt 0.829000 0.776400
vt 0.796100 0.776400
vt 0.763200 0.776400
vt 0.730300 0.776400
vt 0.697300 0.776400
vt 0.664400 0.776400
vt 0.631500 0.776400
vt 0.005900 0.776400
vt 0.862000 0.588200
vt 0.829000 0.588200
vt 0.796100 0.588200
vt 0.763200 0.588200
vt 0.730300 0.588200
vt 0.697300 0.588200
vt 0.664400 0.588200
vt 0.631500 0.588200
vt 0.598500 0.588200
vt 0.565600 0.588200
vt 0.532700 0.588200
vt 0.499800 0.588200
vt 0.466800 0.588200
vt 0.433900 0.588200
vt 0.401000 0.588200
vt 0.368100 0.588200
vt 0.335100 0.588200
vt 0.302200 0.588200
vt 0.269300 0.588200
vt 0.236400 0.588200
vt 0.203400 0.588200
vt 0.170500 0.588200
vt 0.137600 0.588200
vt 0.104600 0.588200
vt 0.071700 0.588200
vt 0.038800 0.588200
vt 0.005900 0.588200
vt 0.993700 0.588200
vt 0.960700 0.588200
vt 0.927800 0.588200
vt 0.894900 0.588200
vt 0.005900 0.382700
vt 0.038800 0.382700
vt 0.005900 0.387800
vt 0.005900 0.388300
vt 0.071700 0.382700
vt 0.104600 0.382700
vt 0.137600 0.382700
vt 0.170500 0.382700
vt 0.203400 0.382700
vt 0.236400 0.382700
vt 0.269300 0.382700
vt 0.302200 0.382700
vt 0.335100 0.382700
vt 0.368100 0.382700
vt 0.401000 0.382700
vt 0.433900 0.382700
vt 0.466800 0.382700
vt 0.499800 0.382700
vt 0.532700 0.382700
vt 0.565600 0.382700
vt 0.598500 0.382700
vt 0.631500 0.382700
vt 0.664400 0.382700
vt 0.697300 0.382700
vt 0.730300 0.382700
vt 0.763200 0.382700
vt 0.796100 0.382700
vt 0.829000 0.382700
vt 0.862000 0.382700
vt 0.894900 0.382700
vt 0.927800 0.382700
vt 0.960700 0.382700
vt 0.993700 0.382700
s 0
usemtl mat_0-oil_barrel_texture2.jpg
f 1/1/1 2/2/1 3/3/1
f 2/2/2 4/4/2 5/5/2
f 6/6/3 7/7/3 5/5/3
f 8/8/4 9/9/4 7/7/4
f 10/10/5 11/11/5 9/9/5
f 10/10/6 12/12/6 13/13/6
f 14/14/7 15/15/7 13/13/7
f 16/16/8 17/17/8 15/15/8
f 18/18/9 19/19/9 17/17/9
f 20/20/10 21/21/10 19/19/10
f 22/22/11 23/23/11 21/21/11
f 24/24/12 25/25/12 23/23/12
f 26/26/13 27/27/13 25/25/13
f 28/28/14 29/29/14 27/27/14
f 30/30/15 31/31/15 29/29/15
f 32/32/16 33/33/16 31/31/16
f 32/32/17 34/34/17 35/35/17
f 36/36/18 37/37/18 35/35/18
f 38/38/19 39/39/19 37/37/19
f 40/40/20 41/41/20 39/39/20
f 42/42/21 43/43/21 41/41/21
f 44/44/22 45/45/22 43/43/22
f 46/46/23 47/47/23 45/45/23
f 48/48/24 49/49/24 47/47/24
f 50/50/25 51/51/25 49/49/25
f 52/52/26 53/53/26 51/51/26
f 54/54/27 55/55/27 53/53/27
f 56/56/28 57/57/28 55/55/28
f 58/58/29 59/59/29 57/57/29
f 60/60/30 61/61/30 59/59/30
f 62/62/31 63/63/31 64/64/31
f 65/65/31 62/62/31 64/64/31
f 66/66/31 65/65/31 64/64/31
f 67/67/31 66/66/31 64/64/31
f 68/68/31 67/67/31 64/64/31
f 69/69/31 68/68/31 64/64/31
f 70/70/31 69/69/31 64/64/31
f 71/71/31 70/70/31 64/64/31
f 72/72/31 71/71/31 64/64/31
f 73/73/31 72/72/31 64/64/31
f 74/74/31 73/73/31 64/64/31
f 75/75/31 74/74/31 64/64/31
f 76/76/31 75/75/31 64/64/31
f 77/77/31 76/76/31 64/64/31
f 78/78/31 77/77/31 64/64/31
f 79/79/31 78/78/31 64/64/31
f 80/80/31 79/79/31 64/64/31
f 81/81/31 80/80/31 64/64/31
f 82/82/31 81/81/31 64/64/31
f 83/83/31 82/82/31 64/64/31
f 84/84/31 83/83/31 64/64/31
f 85/85/31 84/84/31 64/64/31
f 86/86/31 85/85/31 64/64/31
f 87/87/31 86/86/31 64/64/31
f 88/88/31 87/87/31 64/64/31
f 89/89/31 88/88/31 64/64/31
f 90/90/31 89/89/31 64/64/31
f 91/91/31 90/90/31 64/64/31
f 92/92/31 91/91/31 64/64/31
f 63/63/31 92/92/31 64/64/31
f 93/93/32 94/94/32 95/95/32
f 94/94/32 96/96/32 95/95/32
f 96/96/32 97/97/32 95/95/32
f 97/97/32 98/98/32 95/95/32
f 98/98/32 99/99/32 95/95/32
f 99/99/32 100/100/32 95/95/32
f 100/100/32 101/101/32 95/95/32
f 101/101/32 102/102/32 95/95/32
f 102/102/32 103/103/32 95/95/32
f 103/103/32 104/104/32 95/95/32
f 104/104/32 105/105/32 95/95/32
f 105/105/32 106/106/32 95/95/32
f 106/106/32 107/107/32 95/95/32
f 107/107/32 108/108/32 95/95/32
f 108/108/32 109/109/32 95/95/32
f 109/109/32 110/110/32 95/95/32
f 110/110/32 111/111/32 95/95/32
f 111/111/32 112/112/32 95/95/32
f 112/112/32 113/113/32 95/95/32
f 113/113/32 114/114/32 95/95/32
f 114/114/32 115/115/32 95/95/32
f 115/115/32 116/116/32 95/95/32
f 116/116/32 117/117/32 95/95/32
f 117/117/32 118/118/32 95/95/32
f 118/118/32 119/119/32 95/95/32
f 119/119/32 120/120/32 95/95/32
f 120/120/32 121/121/32 95/95/32
f 121/121/32 122/122/32 95/95/32
f 122/122/32 123/123/32 95/95/32
f 123/123/32 93/93/32 95/95/32
f 124/124/21 125/125/21 126/126/21
f 127/127/20 126/126/20 128/128/20
f 129/129/19 128/128/19 130/130/19
f 131/131/33 130/130/33 132/132/33
f 133/133/17 132/132/17 134/134/17
f 135/135/34 134/134/34 136/136/34
f 137/137/15 136/136/15 138/138/15
f 139/139/14 138/138/14 140/140/14
f 141/141/35 140/140/35 142/142/35
f 143/143/12 142/142/12 144/144/12
f 145/145/36 144/144/36 146/146/36
f 147/147/10 146/146/10 148/148/10
f 149/149/9 148/148/9 150/150/9
f 151/151/8 150/150/8 152/152/8
f 153/153/7 152/152/7 154/152/7
f 155/153/6 154/152/6 156/150/6
f 157/151/5 156/150/5 158/148/5
f 159/149/4 158/148/4 160/146/4
f 161/147/37 160/146/37 162/144/37
f 163/145/2 162/144/2 164/142/2
f 165/143/38 164/142/38 166/140/38
f 167/141/30 166/140/30 168/138/30
f 169/139/29 168/138/29 170/136/29
f 171/137/39 170/136/39 172/134/39
f 173/135/27 172/134/27 174/132/27
f 175/133/40 174/132/40 176/130/40
f 177/131/25 176/130/25 178/128/25
f 179/129/24 178/128/24 180/126/24
f 181/127/23 180/126/23 182/125/23
f 183/124/22 182/125/22 125/125/22
f 184/154/22 185/155/22 186/156/22
f 187/157/21 186/156/21 188/158/21
f 189/159/20 188/158/20 190/160/20
f 191/161/41 192/162/41 190/160/41
f 193/163/42 191/161/42 194/164/42
f 195/165/43 193/163/43 196/166/43
f 195/165/34 197/167/34 198/168/34
f 199/169/44 200/170/44 198/168/44
f 199/169/45 201/171/45 202/172/45
f 203/173/35 204/174/35 202/172/35
f 203/173/46 205/175/46 206/176/46
f 207/177/47 206/176/47 208/178/47
f 209/179/48 208/178/48 210/180/48
f 211/181/9 212/182/9 210/180/9
f 211/181/8 213/183/8 214/184/8
f 215/185/7 214/184/7 216/186/7
f 217/187/6 216/186/6 218/188/6
f 219/189/5 218/188/5 220/190/5
f 221/191/49 220/190/49 222/192/49
f 223/193/50 222/192/50 224/194/50
f 225/195/51 224/194/51 226/196/51
f 227/197/38 226/196/38 228/198/38
f 229/199/52 230/200/52 231/201/52
f 232/202/53 231/201/53 233/203/53
f 234/204/39 233/203/39 235/205/39
f 236/206/54 235/205/54 237/207/54
f 238/208/55 237/207/55 239/209/55
f 240/210/56 239/209/56 241/211/56
f 242/212/24 241/211/24 243/213/24
f 244/214/23 243/213/23 185/155/23
f 245/215/57 246/216/57 247/217/57
f 248/218/58 249/219/58 246/216/58
f 250/220/59 251/221/59 249/219/59
f 252/222/60 253/223/60 251/221/60
f 254/224/61 255/225/61 253/223/61
f 254/224/21 256/226/21 257/227/21
f 258/226/22 259/227/22 257/227/22
f 258/226/23 260/224/23 261/225/23
f 262/222/62 263/223/62 261/225/62
f 264/220/63 265/221/63 263/223/63
f 266/218/64 267/219/64 265/221/64
f 268/215/65 269/216/65 267/219/65
f 270/228/66 271/217/66 269/216/66
f 272/138/67 273/229/67 271/217/67
f 274/230/68 275/231/68 273/229/68
f 276/232/69 277/233/69 275/231/69
f 276/232/70 278/234/70 279/235/70
f 280/236/71 281/237/71 279/235/71
f 282/238/72 283/239/72 281/237/72
f 284/240/73 285/241/73 283/239/73
f 284/240/6 286/242/6 287/243/6
f 288/242/7 289/243/7 287/243/7
f 288/242/8 290/240/8 291/241/8
f 292/238/74 293/239/74 291/241/74
f 294/236/75 295/237/75 293/239/75
f 296/234/76 297/235/76 295/237/76
f 296/234/77 298/232/77 299/233/77
f 300/230/78 301/231/78 299/233/78
f 302/138/79 303/229/79 301/231/79
f 304/228/80 247/217/80 303/229/80
f 305/63/32 306/63/32 307/62/32
f 308/62/32 307/62/32 309/65/32
f 310/65/32 309/65/32 311/66/32
f 312/67/32 313/66/32 311/66/32
f 314/68/32 312/67/32 315/67/32
f 316/69/32 314/68/32 317/68/32
f 316/69/32 318/69/32 319/70/32
f 320/70/32 319/70/32 321/71/32
f 322/71/32 321/71/32 323/72/32
f 324/72/32 323/72/32 325/73/32
f 326/74/32 327/73/32 325/73/32
f 328/75/32 326/74/32 329/74/32
f 330/76/32 328/75/32 331/75/32
f 332/77/32 330/76/32 333/76/32
f 332/77/32 334/77/32 335/78/32
f 336/78/32 335/78/32 337/79/32
f 338/79/32 337/79/32 339/80/32
f 340/80/32 339/80/32 341/81/32
f 342/82/32 343/81/32 341/81/32
f 344/83/32 342/82/32 345/82/32
f 346/84/32 344/83/32 347/83/32
f 346/84/32 348/84/32 349/85/32
f 350/85/32 349/85/32 351/86/32
f 352/86/32 351/86/32 353/87/32
f 354/87/32 353/87/32 355/88/32
f 356/89/32 357/88/32 355/88/32
f 358/90/32 356/89/32 359/89/32
f 360/91/32 358/90/32 361/90/32
f 362/92/32 360/91/32 363/91/32
f 362/92/32 364/92/32 306/63/32
f 365/63/81 63/63/81 62/62/81
f 366/62/43 62/62/43 65/65/43
f 367/65/82 65/65/82 66/66/82
f 368/66/83 66/66/83 67/67/83
f 369/67/84 67/67/84 68/68/84
f 370/68/85 68/68/85 69/69/85
f 371/69/22 69/69/22 70/70/22
f 372/70/86 70/70/86 71/71/86
f 373/71/87 71/71/87 72/72/87
f 374/72/88 72/72/88 73/73/88
f 375/73/89 73/73/89 74/74/89
f 376/75/54 377/74/54 74/74/54
f 378/76/90 376/75/90 75/75/90
f 378/76/91 76/76/91 77/77/91
f 379/77/92 77/77/92 78/78/92
f 380/78/93 78/78/93 79/79/93
f 381/79/51 79/79/51 80/80/51
f 382/81/94 383/80/94 80/80/94
f 382/81/95 81/81/95 82/82/95
f 384/82/96 82/82/96 83/83/96
f 385/83/97 83/83/97 84/84/97
f 386/84/7 84/84/7 85/85/7
f 387/85/98 85/85/98 86/86/98
f 388/86/99 86/86/99 87/87/99
f 389/87/100 87/87/100 88/88/100
f 390/88/101 88/88/101 89/89/101
f 391/89/46 89/89/46 90/90/46
f 392/90/102 90/90/102 91/91/102
f 393/91/103 91/91/103 92/92/103
f 394/92/104 92/92/104 63/63/104
f 395/244/42 396/245/42 397/246/42
f 398/247/43 397/246/43 399/248/43
f 400/249/34 399/248/34 401/250/34
f 402/251/44 403/252/44 401/250/44
f 404/253/45 402/251/45 405/254/45
f 404/253/35 406/255/35 407/256/35
f 408/257/46 407/256/46 409/258/46
f 410/259/47 409/258/47 411/260/47
f 412/261/48 411/260/48 413/262/48
f 414/263/9 413/262/9 415/264/9
f 416/265/8 415/264/8 417/266/8
f 418/267/7 417/266/7 419/268/7
f 420/269/6 419/268/6 421/270/6
f 422/271/5 421/270/5 423/272/5
f 424/273/49 423/272/49 425/274/49
f 426/275/50 425/274/50 427/276/50
f 428/277/51 427/276/51 429/278/51
f 430/279/38 429/278/38 431/280/38
f 432/281/52 433/282/52 434/283/52
f 435/284/53 432/281/53 436/285/53
f 435/284/39 437/286/39 438/287/39
f 439/288/54 438/287/54 440/289/54
f 441/290/55 440/289/55 442/291/55
f 443/292/56 442/291/56 444/293/56
f 445/294/24 444/293/24 446/295/24
f 447/296/23 446/295/23 448/297/23
f 449/298/22 448/297/22 450/299/22
f 451/300/21 450/299/21 452/301/21
f 453/302/20 452/301/20 454/303/20
f 455/304/41 454/303/41 396/245/41
f 456/305/3 457/244/3 458/247/3
f 459/306/70 458/247/70 460/249/70
f 461/307/1 460/249/1 462/252/1
f 463/308/52 462/252/52 464/251/52
f 465/309/53 464/251/53 466/253/53
f 467/310/28 466/253/28 468/257/28
f 469/311/65 468/257/65 470/259/65
f 471/312/26 470/259/26 472/261/26
f 473/313/88 472/261/88 474/263/88
f 475/314/87 474/263/87 476/265/87
f 477/315/105 476/265/105 478/267/105
f 479/316/22 478/267/22 480/269/22
f 481/317/106 480/269/106 482/271/106
f 483/318/84 482/271/84 484/273/84
f 485/319/83 484/273/83 486/275/83
f 487/320/18 486/275/18 488/277/18
f 489/321/58 488/277/58 490/279/58
f 491/322/16 490/279/16 492/323/16
f 493/324/44 494/282/44 495/281/44
f 496/325/45 495/281/45 497/284/45
f 498/326/13 497/284/13 499/288/13
f 500/327/77 499/288/77 501/290/77
f 502/328/11 501/290/11 503/292/11
f 504/329/100 503/292/100 505/294/100
f 506/330/99 505/294/99 507/296/99
f 508/331/107 507/296/107 509/298/107
f 510/332/7 509/298/7 511/300/7
f 512/333/108 511/300/108 513/302/108
f 514/334/96 513/302/96 515/304/96
f 516/335/95 515/304/95 457/244/95
f 517/306/109 518/305/109 456/305/109
f 398/247/110 458/247/110 457/244/110
f 517/306/111 459/306/111 461/307/111
f 398/247/112 400/249/112 460/249/112
f 519/307/113 461/307/113 463/308/113
f 400/249/114 403/252/114 462/252/114
f 520/308/115 463/308/115 465/309/115
f 403/252/116 402/251/116 464/251/116
f 521/310/117 522/309/117 465/309/117
f 404/253/118 466/253/118 464/251/118
f 523/311/119 521/310/119 467/310/119
f 408/257/120 468/257/120 466/253/120
f 524/312/121 523/311/121 469/311/121
f 410/259/122 470/259/122 468/257/122
f 524/312/123 471/312/123 473/313/123
f 410/259/124 412/261/124 472/261/124
f 525/313/125 473/313/125 475/314/125
f 412/261/126 414/263/126 474/263/126
f 526/314/127 475/314/127 477/315/127
f 414/263/128 416/265/128 476/265/128
f 527/315/129 477/315/129 479/316/129
f 416/265/130 418/267/130 478/267/130
f 528/316/131 479/316/131 481/317/131
f 418/267/132 420/269/132 480/269/132
f 529/318/133 530/317/133 481/317/133
f 422/271/134 482/271/134 480/269/134
f 531/319/135 529/318/135 483/318/135
f 424/273/136 484/273/136 482/271/136
f 532/320/137 531/319/137 485/319/137
f 426/275/138 486/275/138 484/273/138
f 533/321/139 532/320/139 487/320/139
f 428/277/140 488/277/140 486/275/140
f 533/321/141 489/321/141 491/322/141
f 428/277/142 430/279/142 490/279/142
f 534/322/143 491/322/143 535/336/143
f 430/279/144 536/323/144 492/323/144
f 537/324/145 493/324/145 496/325/145
f 433/282/146 432/281/146 495/281/146
f 538/326/147 539/325/147 496/325/147
f 435/284/148 497/284/148 495/281/148
f 540/327/149 538/326/149 498/326/149
f 439/288/150 499/288/150 497/284/150
f 541/328/151 540/327/151 500/327/151
f 441/290/152 501/290/152 499/288/152
f 541/328/153 502/328/153 504/329/153
f 441/290/154 443/292/154 503/292/154
f 542/329/155 504/329/155 506/330/155
f 443/292/156 445/294/156 505/294/156
f 543/330/157 506/330/157 508/331/157
f 445/294/158 447/296/158 507/296/158
f 544/331/159 508/331/159 510/332/159
f 447/296/160 449/298/160 509/298/160
f 545/332/161 510/332/161 512/333/161
f 451/300/162 511/300/162 509/298/162
f 546/334/163 547/333/163 512/333/163
f 453/302/164 513/302/164 511/300/164
f 548/335/165 546/334/165 514/334/165
f 455/304/166 515/304/166 513/302/166
f 518/305/167 548/335/167 516/335/167
f 395/244/168 457/244/168 515/304/168
f 549/207/26 550/337/26 551/338/26
f 552/209/169 551/338/169 553/339/169
f 554/211/24 553/339/24 555/340/24
f 556/213/170 555/340/170 557/341/170
f 558/155/22 557/341/22 559/342/22
f 560/156/171 559/342/171 561/343/171
f 562/158/20 561/343/20 563/344/20
f 564/160/172 563/344/172 565/345/172
f 566/164/18 565/345/18 567/346/18
f 568/166/17 567/346/17 569/347/17
f 570/167/57 569/347/57 571/348/57
f 572/168/80 571/348/80 573/349/80
f 574/171/79 573/349/79 575/350/79
f 576/172/78 575/350/78 577/351/78
f 578/175/12 577/351/12 579/352/12
f 580/176/11 579/352/11 581/353/11
f 582/178/173 581/353/173 583/354/173
f 584/180/9 583/354/9 585/355/9
f 586/183/174 585/355/174 587/356/174
f 588/184/7 587/356/7 589/357/7
f 590/186/175 589/357/175 591/358/175
f 592/188/5 591/358/5 593/359/5
f 594/190/176 593/359/176 595/360/176
f 596/192/3 595/360/3 597/361/3
f 598/194/2 597/361/2 599/362/2
f 600/196/69 599/362/69 601/363/69
f 602/200/68 603/364/68 604/365/68
f 605/201/67 604/365/67 606/366/67
f 607/203/66 606/366/66 608/367/66
f 609/205/27 608/367/27 550/337/27
f 610/337/55 541/328/55 542/329/55
f 611/338/56 542/329/56 543/330/56
f 612/339/24 543/330/24 544/331/24
f 613/340/23 544/331/23 545/332/23
f 614/341/22 545/332/22 547/333/22
f 615/342/21 547/333/21 546/334/21
f 616/344/20 617/343/20 546/334/20
f 616/344/41 548/335/41 518/305/41
f 618/345/42 518/305/42 517/306/42
f 619/346/43 517/306/43 519/307/43
f 620/347/34 519/307/34 520/308/34
f 621/349/44 622/348/44 520/308/44
f 623/350/45 621/349/45 522/309/45
f 623/350/35 521/310/35 523/311/35
f 624/351/46 523/311/46 524/312/46
f 625/352/47 524/312/47 525/313/47
f 626/353/48 525/313/48 526/314/48
f 627/355/9 628/354/9 526/314/9
f 627/355/8 527/315/8 528/316/8
f 629/356/7 528/316/7 530/317/7
f 630/357/6 530/317/6 529/318/6
f 631/358/5 529/318/5 531/319/5
f 632/359/49 531/319/49 532/320/49
f 633/360/50 532/320/50 533/321/50
f 634/361/51 533/321/51 534/322/51
f 635/362/38 534/322/38 636/336/38
f 637/364/52 537/324/52 539/325/52
f 638/365/53 539/325/53 538/326/53
f 639/366/39 538/326/39 540/327/39
f 640/367/54 540/327/54 541/328/54
f 237/207/177 549/207/177 552/209/177
f 610/337/178 611/338/178 551/338/178
f 239/209/179 552/209/179 554/211/179
f 611/338/180 612/339/180 553/339/180
f 241/211/181 554/211/181 556/213/181
f 612/339/182 613/340/182 555/340/182
f 243/213/183 556/213/183 558/155/183
f 613/340/184 614/341/184 557/341/184
f 185/155/185 558/155/185 560/156/185
f 615/342/186 559/342/186 557/341/186
f 188/158/187 186/156/187 560/156/187
f 617/343/188 561/343/188 559/342/188
f 190/160/189 188/158/189 562/158/189
f 616/344/190 563/344/190 561/343/190
f 194/164/191 190/160/191 564/160/191
f 618/345/192 565/345/192 563/344/192
f 196/166/193 194/164/193 566/164/193
f 619/346/194 567/346/194 565/345/194
f 196/166/195 568/166/195 570/167/195
f 619/346/196 620/347/196 569/347/196
f 197/167/197 570/167/197 572/168/197
f 620/347/198 622/348/198 571/348/198
f 198/168/199 572/168/199 574/171/199
f 622/348/200 621/349/200 573/349/200
f 202/172/201 201/171/201 574/171/201
f 623/350/202 575/350/202 573/349/202
f 205/175/203 202/172/203 576/172/203
f 624/351/204 577/351/204 575/350/204
f 206/176/205 205/175/205 578/175/205
f 625/352/206 579/352/206 577/351/206
f 206/176/207 580/176/207 582/178/207
f 625/352/208 626/353/208 581/353/208
f 208/178/209 582/178/209 584/180/209
f 626/353/210 628/354/210 583/354/210
f 210/180/211 584/180/211 586/183/211
f 628/354/212 627/355/212 585/355/212
f 213/183/213 586/183/213 588/184/213
f 627/355/214 629/356/214 587/356/214
f 214/184/215 588/184/215 590/186/215
f 630/357/216 589/357/216 587/356/216
f 218/188/217 216/186/217 590/186/217
f 631/358/218 591/358/218 589/357/218
f 220/190/219 218/188/219 592/188/219
f 632/359/220 593/359/220 591/358/220
f 222/192/221 220/190/221 594/190/221
f 633/360/222 595/360/222 593/359/222
f 224/194/223 222/192/223 596/192/223
f 634/361/224 597/361/224 595/360/224
f 224/194/225 598/194/225 600/196/225
f 634/361/226 635/362/226 599/362/226
f 226/196/227 600/196/227 641/198/227
f 635/362/228 642/363/228 601/363/228
f 230/200/229 602/200/229 605/201/229
f 637/364/230 638/365/230 604/365/230
f 233/203/231 231/201/231 605/201/231
f 639/366/232 606/366/232 604/365/232
f 235/205/233 233/203/233 607/203/233
f 640/367/234 608/367/234 606/366/234
f 237/207/235 235/205/235 609/205/235
f 610/337/236 550/337/236 608/367/236
f 643/127/31 644/124/31 124/124/31
f 645/126/32 126/126/32 125/125/32
f 646/129/31 643/127/31 127/127/31
f 647/128/32 128/128/32 126/126/32
f 648/131/31 646/129/31 129/129/31
f 649/130/32 130/130/32 128/128/32
f 650/133/31 648/131/31 131/131/31
f 651/132/32 132/132/32 130/130/32
f 652/135/31 650/133/31 133/133/31
f 653/134/32 134/134/32 132/132/32
f 652/135/31 135/135/31 137/137/31
f 653/134/32 654/136/32 136/136/32
f 655/137/31 137/137/31 139/139/31
f 654/136/32 656/138/32 138/138/32
f 657/141/31 658/139/31 139/139/31
f 659/140/32 140/140/32 138/138/32
f 660/143/31 657/141/31 141/141/31
f 661/142/32 142/142/32 140/140/32
f 660/143/31 143/143/31 145/145/31
f 661/142/32 662/144/32 144/144/32
f 663/145/31 145/145/31 147/147/31
f 662/144/32 664/146/32 146/146/32
f 665/147/31 147/147/31 149/149/31
f 664/146/32 666/148/32 148/148/32
f 667/149/31 149/149/31 151/151/31
f 666/148/32 668/150/32 150/150/32
f 669/151/31 151/151/31 153/153/31
f 668/150/32 670/152/32 152/152/32
f 671/153/31 153/153/31 155/153/31
f 672/152/32 154/152/32 152/152/32
f 673/151/31 674/153/31 155/153/31
f 675/150/32 156/150/32 154/152/32
f 676/149/31 673/151/31 157/151/31
f 677/148/32 158/148/32 156/150/32
f 678/147/31 676/149/31 159/149/31
f 679/146/32 160/146/32 158/148/32
f 680/145/31 678/147/31 161/147/31
f 681/144/32 162/144/32 160/146/32
f 682/143/31 680/145/31 163/145/31
f 683/142/32 164/142/32 162/144/32
f 682/143/31 165/143/31 167/141/31
f 683/142/32 684/140/32 166/140/32
f 685/141/31 167/141/31 169/139/31
f 684/140/32 686/138/32 168/138/32
f 687/137/31 688/139/31 169/139/31
f 689/136/32 170/136/32 168/138/32
f 690/135/31 687/137/31 171/137/31
f 691/134/32 172/134/32 170/136/32
f 690/135/31 173/135/31 175/133/31
f 691/134/32 692/132/32 174/132/32
f 693/133/31 175/133/31 177/131/31
f 692/132/32 694/130/32 176/130/32
f 695/131/31 177/131/31 179/129/31
f 694/130/32 696/128/32 178/128/32
f 697/129/31 179/129/31 181/127/31
f 696/128/32 698/126/32 180/126/32
f 699/127/31 181/127/31 183/124/31
f 698/126/32 700/125/32 182/125/32
f 701/124/31 183/124/31 124/124/31
f 702/125/32 125/125/32 182/125/32
f 703/215/32 245/215/32 304/228/32
f 704/216/31 705/217/31 247/217/31
f 706/218/32 248/218/32 245/215/32
f 707/219/31 704/216/31 246/216/31
f 706/218/32 708/220/32 250/220/32
f 707/219/31 249/219/31 251/221/31
f 708/220/32 709/222/32 252/222/32
f 710/221/31 251/221/31 253/223/31
f 711/224/32 254/224/32 252/222/32
f 712/225/31 713/223/31 253/223/31
f 714/226/32 256/226/32 254/224/32
f 715/227/31 712/225/31 255/225/31
f 716/226/32 258/226/32 256/226/32
f 715/227/31 257/227/31 259/227/31
f 716/226/32 717/224/32 260/224/32
f 718/227/31 259/227/31 261/225/31
f 717/224/32 719/222/32 262/222/32
f 720/225/31 261/225/31 263/223/31
f 721/220/32 264/220/32 262/222/32
f 722/221/31 723/223/31 263/223/31
f 724/218/32 266/218/32 264/220/32
f 725/219/31 722/221/31 265/221/31
f 724/218/32 726/215/32 268/215/32
f 725/219/31 267/219/31 269/216/31
f 726/215/32 727/228/32 270/228/32
f 728/216/31 269/216/31 271/217/31
f 729/138/32 272/138/32 270/228/32
f 730/229/31 731/217/31 271/217/31
f 729/138/32 732/230/32 274/230/32
f 730/229/31 273/229/31 275/231/31
f 733/232/32 276/232/32 274/230/32
f 734/233/31 735/231/31 275/231/31
f 736/234/32 278/234/32 276/232/32
f 737/235/31 734/233/31 277/233/31
f 736/234/32 738/236/32 280/236/32
f 737/235/31 279/235/31 281/237/31
f 738/236/32 739/238/32 282/238/32
f 740/237/31 281/237/31 283/239/31
f 741/240/32 284/240/32 282/238/32
f 742/241/31 743/239/31 283/239/31
f 744/242/32 286/242/32 284/240/32
f 745/243/31 742/241/31 285/241/31
f 746/242/32 288/242/32 286/242/32
f 745/243/31 287/243/31 289/243/31
f 746/242/32 747/240/32 290/240/32
f 748/243/31 289/243/31 291/241/31
f 747/240/32 749/238/32 292/238/32
f 750/241/31 291/241/31 293/239/31
f 751/236/32 294/236/32 292/238/32
f 752/237/31 753/239/31 293/239/31
f 754/234/32 296/234/32 294/236/32
f 755/235/31 752/237/31 295/237/31
f 754/234/32 756/232/32 298/232/32
f 755/235/31 297/235/31 299/233/31
f 756/232/32 757/230/32 300/230/32
f 758/233/31 299/233/31 301/231/31
f 759/138/32 302/138/32 300/230/32
f 760/229/31 761/231/31 301/231/31
f 759/138/32 762/228/32 304/228/32
f 760/229/31 303/229/31 247/217/31
f 763/94/237 764/94/237 765/93/237
f 766/94/238 767/93/238 765/93/238
f 768/96/239 769/96/239 764/94/239
f 766/94/240 764/94/240 769/96/240
f 770/97/241 771/97/241 769/96/241
f 772/96/242 769/96/242 771/97/242
f 770/97/243 773/98/243 774/98/243
f 775/97/244 771/97/244 774/98/244
f 773/98/245 776/99/245 777/99/245
f 778/99/246 779/98/246 774/98/246
f 776/99/247 780/100/247 781/100/247
f 778/99/248 777/99/248 781/100/248
f 782/101/249 783/101/249 781/100/249
f 784/100/250 781/100/250 783/101/250
f 785/102/251 786/102/251 783/101/251
f 787/102/252 788/101/252 783/101/252
f 789/103/253 790/103/253 786/102/253
f 787/102/254 786/102/254 790/103/254
f 791/104/255 792/104/255 790/103/255
f 793/104/256 794/103/256 790/103/256
f 791/104/257 795/105/257 796/105/257
f 797/105/258 793/104/258 792/104/258
f 795/105/259 798/106/259 799/106/259
f 800/106/260 797/105/260 796/105/260
f 798/106/261 801/107/261 802/107/261
f 800/106/262 799/106/262 802/107/262
f 801/107/263 803/108/263 804/108/263
f 805/107/264 802/107/264 804/108/264
f 806/109/265 807/109/265 804/108/265
f 808/109/266 809/108/266 804/108/266
f 810/110/267 811/110/267 807/109/267
f 812/110/268 808/109/268 807/109/268
f 813/111/269 814/111/269 811/110/269
f 812/110/270 811/110/270 814/111/270
f 815/112/271 816/112/271 814/111/271
f 817/111/272 814/111/272 816/112/272
f 815/112/273 818/113/273 819/113/273
f 820/112/274 816/112/274 819/113/274
f 818/113/275 821/114/275 822/114/275
f 823/114/276 824/113/276 819/113/276
f 821/114/277 825/115/277 826/115/277
f 823/114/278 822/114/278 826/115/278
f 827/116/279 828/116/279 826/115/279
f 829/115/280 826/115/280 828/116/280
f 830/117/281 831/117/281 828/116/281
f 832/117/282 833/116/282 828/116/282
f 834/118/283 835/118/283 831/117/283
f 832/117/284 831/117/284 835/118/284
f 836/119/285 837/119/285 835/118/285
f 838/119/286 839/118/286 835/118/286
f 836/119/287 840/120/287 841/120/287
f 842/120/288 838/119/288 837/119/288
f 840/120/289 843/121/289 844/121/289
f 845/121/290 842/120/290 841/120/290
f 843/121/291 846/122/291 847/122/291
f 845/121/292 844/121/292 847/122/292
f 846/122/293 848/123/293 849/123/293
f 850/122/294 847/122/294 849/123/294
f 851/93/295 765/93/295 849/123/295
f 767/93/296 852/123/296 849/123/296
f 853/1/31 854/368/31 855/369/31
f 227/197/32 856/370/32 857/371/32
f 858/372/31 4/4/31 2/2/31
f 225/195/32 227/197/32 3/3/32
f 858/372/31 859/373/31 6/6/31
f 225/195/32 5/5/32 7/7/32
f 859/373/31 860/374/31 8/8/31
f 223/193/32 7/7/32 9/9/32
f 860/374/31 861/375/31 10/10/31
f 221/191/32 9/9/32 11/11/32
f 861/375/31 862/376/31 12/12/31
f 219/189/32 11/11/32 13/13/32
f 862/376/31 863/377/31 14/14/31
f 215/185/32 217/187/32 13/13/32
f 864/378/31 16/16/31 14/14/31
f 211/181/32 215/185/32 15/15/32
f 865/379/31 18/18/31 16/16/31
f 212/182/32 211/181/32 17/17/32
f 866/380/31 20/20/31 18/18/31
f 209/179/32 212/182/32 19/19/32
f 867/381/31 22/22/31 20/20/31
f 207/177/32 209/179/32 21/21/32
f 867/381/31 868/382/31 24/24/31
f 207/177/32 23/23/32 25/25/32
f 868/382/31 869/383/31 26/26/31
f 203/173/32 25/25/32 27/27/32
f 870/384/31 28/28/31 26/26/31
f 199/169/32 204/174/32 27/27/32
f 870/384/31 871/385/31 30/30/31
f 199/169/32 29/29/32 31/31/32
f 872/386/31 32/32/31 30/30/31
f 195/165/32 200/170/32 31/31/32
f 873/387/31 34/34/31 32/32/31
f 193/163/32 195/165/32 33/33/32
f 873/387/31 874/388/31 36/36/31
f 193/163/32 35/35/32 37/37/32
f 874/388/31 875/389/31 38/38/31
f 191/161/32 37/37/32 39/39/32
f 875/389/31 876/390/31 40/40/31
f 192/162/32 39/39/32 41/41/32
f 876/390/31 877/391/31 42/42/31
f 189/159/32 41/41/32 43/43/32
f 878/392/31 44/44/31 42/42/31
f 187/157/32 43/43/32 45/45/32
f 879/393/31 46/46/31 44/44/31
f 244/214/32 184/154/32 45/45/32
f 880/394/31 48/48/31 46/46/31
f 242/212/32 244/214/32 47/47/32
f 881/395/31 50/50/31 48/48/31
f 240/210/32 242/212/32 49/49/32
f 882/396/31 52/52/31 50/50/31
f 238/208/32 240/210/32 51/51/32
f 882/396/31 883/397/31 54/54/31
f 238/208/32 53/53/32 55/55/32
f 883/397/31 884/398/31 56/56/31
f 236/206/32 55/55/32 57/57/32
f 885/399/31 58/58/31 56/56/31
f 232/202/32 234/204/32 57/57/32
f 60/60/31 58/58/31 885/399/31
f 232/202/32 59/59/32 61/61/32
f 886/62/297 887/63/297 305/63/297
f 365/63/298 366/62/298 307/62/298
f 888/65/299 886/62/299 308/62/299
f 366/62/300 367/65/300 309/65/300
f 889/66/301 888/65/301 310/65/301
f 367/65/302 368/66/302 311/66/302
f 889/66/303 313/66/303 312/67/303
f 369/67/304 315/67/304 311/66/304
f 890/67/305 312/67/305 314/68/305
f 370/68/306 317/68/306 315/67/306
f 891/68/307 314/68/307 316/69/307
f 371/69/308 318/69/308 317/68/308
f 892/70/309 893/69/309 316/69/309
f 372/70/310 319/70/310 318/69/310
f 894/71/311 892/70/311 320/70/311
f 372/70/312 373/71/312 321/71/312
f 895/72/313 894/71/313 322/71/313
f 373/71/314 374/72/314 323/72/314
f 896/73/315 895/72/315 324/72/315
f 374/72/316 375/73/316 325/73/316
f 896/73/317 327/73/317 326/74/317
f 377/74/318 329/74/318 325/73/318
f 897/74/319 326/74/319 328/75/319
f 376/75/320 331/75/320 329/74/320
f 898/75/321 328/75/321 330/76/321
f 378/76/322 333/76/322 331/75/322
f 899/76/323 330/76/323 332/77/323
f 379/77/324 334/77/324 333/76/324
f 900/78/325 901/77/325 332/77/325
f 379/77/326 380/78/326 335/78/326
f 902/79/327 900/78/327 336/78/327
f 380/78/297 381/79/297 337/79/297
f 903/80/328 902/79/328 338/79/328
f 381/79/329 383/80/329 339/80/329
f 904/81/330 903/80/330 340/80/330
f 383/80/331 382/81/331 341/81/331
f 904/81/304 343/81/304 342/82/304
f 384/82/303 345/82/303 341/81/303
f 905/82/332 342/82/332 344/83/332
f 385/83/333 347/83/333 345/82/333
f 906/83/334 344/83/334 346/84/334
f 386/84/335 348/84/335 347/83/335
f 907/85/310 908/84/310 346/84/310
f 387/85/309 349/85/309 348/84/309
f 909/86/336 907/85/336 350/85/336
f 387/85/337 388/86/337 351/86/337
f 910/87/338 909/86/338 352/86/338
f 388/86/339 389/87/339 353/87/339
f 911/88/316 910/87/316 354/87/316
f 389/87/315 390/88/315 355/88/315
f 911/88/340 357/88/340 356/89/340
f 391/89/341 359/89/341 355/88/341
f 912/89/320 356/89/320 358/90/320
f 392/90/319 361/90/319 359/89/319
f 913/90/342 358/90/342 360/91/342
f 393/91/343 363/91/343 361/90/343
f 914/91/344 360/91/344 362/92/344
f 394/92/345 364/92/345 363/91/345
f 887/63/346 915/92/346 362/92/346
f 394/92/347 365/63/347 306/63/347
f 857/371/1 916/1/1 3/3/1
f 3/3/2 2/2/2 5/5/2
f 4/4/3 6/6/3 5/5/3
f 6/6/4 8/8/4 7/7/4
f 8/8/5 10/10/5 9/9/5
f 11/11/6 10/10/6 13/13/6
f 12/12/7 14/14/7 13/13/7
f 14/14/8 16/16/8 15/15/8
f 16/16/9 18/18/9 17/17/9
f 18/18/10 20/20/10 19/19/10
f 20/20/11 22/22/11 21/21/11
f 22/22/12 24/24/12 23/23/12
f 24/24/13 26/26/13 25/25/13
f 26/26/14 28/28/14 27/27/14
f 28/28/15 30/30/15 29/29/15
f 30/30/16 32/32/16 31/31/16
f 33/33/17 32/32/17 35/35/17
f 34/34/18 36/36/18 35/35/18
f 36/36/19 38/38/19 37/37/19
f 38/38/20 40/40/20 39/39/20
f 40/40/21 42/42/21 41/41/21
f 42/42/22 44/44/22 43/43/22
f 44/44/23 46/46/23 45/45/23
f 46/46/24 48/48/24 47/47/24
f 48/48/25 50/50/25 49/49/25
f 50/50/26 52/52/26 51/51/26
f 52/52/27 54/54/27 53/53/27
f 54/54/28 56/56/28 55/55/28
f 56/56/29 58/58/29 57/57/29
f 58/58/30 60/60/30 59/59/30
f 127/127/21 124/124/21 126/126/21
f 129/129/20 127/127/20 128/128/20
f 131/131/19 129/129/19 130/130/19
f 133/133/33 131/131/33 132/132/33
f 135/135/17 133/133/17 134/134/17
f 137/137/34 135/135/34 136/136/34
f 139/139/15 137/137/15 138/138/15
f 141/141/14 139/139/14 140/140/14
f 143/143/35 141/141/35 142/142/35
f 145/145/12 143/143/12 144/144/12
f 147/147/36 145/145/36 146/146/36
f 149/149/10 147/147/10 148/148/10
f 151/151/9 149/149/9 150/150/9
f 153/153/8 151/151/8 152/152/8
f 155/153/7 153/153/7 154/152/7
f 157/151/6 155/153/6 156/150/6
f 159/149/5 157/151/5 158/148/5
f 161/147/4 159/149/4 160/146/4
f 163/145/37 161/147/37 162/144/37
f 165/143/2 163/145/2 164/142/2
f 167/141/38 165/143/38 166/140/38
f 169/139/30 167/141/30 168/138/30
f 171/137/29 169/139/29 170/136/29
f 173/135/39 171/137/39 172/134/39
f 175/133/27 173/135/27 174/132/27
f 177/131/40 175/133/40 176/130/40
f 179/129/25 177/131/25 178/128/25
f 181/127/24 179/129/24 180/126/24
f 183/124/23 181/127/23 182/125/23
f 124/124/22 183/124/22 125/125/22
f 187/157/22 184/154/22 186/156/22
f 189/159/21 187/157/21 188/158/21
f 192/162/20 189/159/20 190/160/20
f 194/164/41 191/161/41 190/160/41
f 196/166/42 193/163/42 194/164/42
f 197/167/43 195/165/43 196/166/43
f 200/170/34 195/165/34 198/168/34
f 201/171/44 199/169/44 198/168/44
f 204/174/45 199/169/45 202/172/45
f 205/175/35 203/173/35 202/172/35
f 207/177/46 203/173/46 206/176/46
f 209/179/47 207/177/47 208/178/47
f 212/182/48 209/179/48 210/180/48
f 213/183/9 211/181/9 210/180/9
f 215/185/8 211/181/8 214/184/8
f 217/187/7 215/185/7 216/186/7
f 219/189/6 217/187/6 218/188/6
f 221/191/5 219/189/5 220/190/5
f 223/193/49 221/191/49 222/192/49
f 225/195/50 223/193/50 224/194/50
f 227/197/51 225/195/51 226/196/51
f 856/370/38 227/197/38 228/198/38
f 232/202/52 229/199/52 231/201/52
f 234/204/53 232/202/53 233/203/53
f 236/206/39 234/204/39 235/205/39
f 238/208/54 236/206/54 237/207/54
f 240/210/55 238/208/55 239/209/55
f 242/212/56 240/210/56 241/211/56
f 244/214/24 242/212/24 243/213/24
f 184/154/23 244/214/23 185/155/23
f 304/228/57 245/215/57 247/217/57
f 245/215/58 248/218/58 246/216/58
f 248/218/59 250/220/59 249/219/59
f 250/220/60 252/222/60 251/221/60
f 252/222/61 254/224/61 253/223/61
f 255/225/21 254/224/21 257/227/21
f 256/226/22 258/226/22 257/227/22
f 259/227/23 258/226/23 261/225/23
f 260/224/62 262/222/62 261/225/62
f 262/222/63 264/220/63 263/223/63
f 264/220/64 266/218/64 265/221/64
f 266/218/65 268/215/65 267/219/65
f 268/215/66 270/228/66 269/216/66
f 270/228/67 272/138/67 271/217/67
f 272/138/68 274/230/68 273/229/68
f 274/230/69 276/232/69 275/231/69
f 277/233/70 276/232/70 279/235/70
f 278/234/71 280/236/71 279/235/71
f 280/236/72 282/238/72 281/237/72
f 282/238/73 284/240/73 283/239/73
f 285/241/6 284/240/6 287/243/6
f 286/242/7 288/242/7 287/243/7
f 289/243/8 288/242/8 291/241/8
f 290/240/74 292/238/74 291/241/74
f 292/238/75 294/236/75 293/239/75
f 294/236/76 296/234/76 295/237/76
f 297/235/77 296/234/77 299/233/77
f 298/232/78 300/230/78 299/233/78
f 300/230/79 302/138/79 301/231/79
f 302/138/80 304/228/80 303/229/80
f 308/62/32 305/63/32 307/62/32
f 310/65/32 308/62/32 309/65/32
f 313/66/32 310/65/32 311/66/32
f 315/67/32 312/67/32 311/66/32
f 317/68/32 314/68/32 315/67/32
f 318/69/32 316/69/32 317/68/32
f 320/70/32 316/69/32 319/70/32
f 322/71/32 320/70/32 321/71/32
f 324/72/32 322/71/32 323/72/32
f 327/73/32 324/72/32 325/73/32
f 329/74/32 326/74/32 325/73/32
f 331/75/32 328/75/32 329/74/32
f 333/76/32 330/76/32 331/75/32
f 334/77/32 332/77/32 333/76/32
f 336/78/32 332/77/32 335/78/32
f 338/79/32 336/78/32 337/79/32
f 340/80/32 338/79/32 339/80/32
f 343/81/32 340/80/32 341/81/32
f 345/82/32 342/82/32 341/81/32
f 347/83/32 344/83/32 345/82/32
f 348/84/32 346/84/32 347/83/32
f 350/85/32 346/84/32 349/85/32
f 352/86/32 350/85/32 351/86/32
f 354/87/32 352/86/32 353/87/32
f 357/88/32 354/87/32 355/88/32
f 359/89/32 356/89/32 355/88/32
f 361/90/32 358/90/32 359/89/32
f 363/91/32 360/91/32 361/90/32
f 364/92/32 362/92/32 363/91/32
f 305/63/32 362/92/32 306/63/32
f 366/62/81 365/63/81 62/62/81
f 367/65/43 366/62/43 65/65/43
f 368/66/82 367/65/82 66/66/82
f 369/67/83 368/66/83 67/67/83
f 370/68/84 369/67/84 68/68/84
f 371/69/85 370/68/85 69/69/85
f 372/70/22 371/69/22 70/70/22
f 373/71/86 372/70/86 71/71/86
f 374/72/87 373/71/87 72/72/87
f 375/73/88 374/72/88 73/73/88
f 377/74/89 375/73/89 74/74/89
f 75/75/54 376/75/54 74/74/54
f 76/76/90 378/76/90 75/75/90
f 379/77/91 378/76/91 77/77/91
f 380/78/92 379/77/92 78/78/92
f 381/79/93 380/78/93 79/79/93
f 383/80/51 381/79/51 80/80/51
f 81/81/94 382/81/94 80/80/94
f 384/82/95 382/81/95 82/82/95
f 385/83/96 384/82/96 83/83/96
f 386/84/97 385/83/97 84/84/97
f 387/85/7 386/84/7 85/85/7
f 388/86/98 387/85/98 86/86/98
f 389/87/99 388/86/99 87/87/99
f 390/88/100 389/87/100 88/88/100
f 391/89/101 390/88/101 89/89/101
f 392/90/46 391/89/46 90/90/46
f 393/91/102 392/90/102 91/91/102
f 394/92/103 393/91/103 92/92/103
f 365/63/104 394/92/104 63/63/104
f 398/247/42 395/244/42 397/246/42
f 400/249/43 398/247/43 399/248/43
f 403/252/34 400/249/34 401/250/34
f 405/254/44 402/251/44 401/250/44
f 406/255/45 404/253/45 405/254/45
f 408/257/35 404/253/35 407/256/35
f 410/259/46 408/257/46 409/258/46
f 412/261/47 410/259/47 411/260/47
f 414/263/48 412/261/48 413/262/48
f 416/265/9 414/263/9 415/264/9
f 418/267/8 416/265/8 417/266/8
f 420/269/7 418/267/7 419/268/7
f 422/271/6 420/269/6 421/270/6
f 424/273/5 422/271/5 423/272/5
f 426/275/49 424/273/49 425/274/49
f 428/277/50 426/275/50 427/276/50
f 430/279/51 428/277/51 429/278/51
f 536/323/38 430/279/38 431/280/38
f 436/285/52 432/281/52 434/283/52
f 437/286/53 435/284/53 436/285/53
f 439/288/39 435/284/39 438/287/39
f 441/290/54 439/288/54 440/289/54
f 443/292/55 441/290/55 442/291/55
f 445/294/56 443/292/56 444/293/56
f 447/296/24 445/294/24 446/295/24
f 449/298/23 447/296/23 448/297/23
f 451/300/22 449/298/22 450/299/22
f 453/302/21 451/300/21 452/301/21
f 455/304/20 453/302/20 454/303/20
f 395/244/41 455/304/41 396/245/41
f 459/306/3 456/305/3 458/247/3
f 461/307/70 459/306/70 460/249/70
f 463/308/1 461/307/1 462/252/1
f 465/309/52 463/308/52 464/251/52
f 467/310/53 465/309/53 466/253/53
f 469/311/28 467/310/28 468/257/28
f 471/312/65 469/311/65 470/259/65
f 473/313/26 471/312/26 472/261/26
f 475/314/88 473/313/88 474/263/88
f 477/315/87 475/314/87 476/265/87
f 479/316/105 477/315/105 478/267/105
f 481/317/22 479/316/22 480/269/22
f 483/318/106 481/317/106 482/271/106
f 485/319/84 483/318/84 484/273/84
f 487/320/83 485/319/83 486/275/83
f 489/321/18 487/320/18 488/277/18
f 491/322/58 489/321/58 490/279/58
f 535/336/16 491/322/16 492/323/16
f 496/325/44 493/324/44 495/281/44
f 498/326/45 496/325/45 497/284/45
f 500/327/13 498/326/13 499/288/13
f 502/328/77 500/327/77 501/290/77
f 504/329/11 502/328/11 503/292/11
f 506/330/100 504/329/100 505/294/100
f 508/331/99 506/330/99 507/296/99
f 510/332/107 508/331/107 509/298/107
f 512/333/7 510/332/7 511/300/7
f 514/334/108 512/333/108 513/302/108
f 516/335/96 514/334/96 515/304/96
f 456/305/95 516/335/95 457/244/95
f 459/306/348 517/306/348 456/305/348
f 395/244/349 398/247/349 457/244/349
f 519/307/350 517/306/350 461/307/350
f 458/247/351 398/247/351 460/249/351
f 520/308/352 519/307/352 463/308/352
f 460/249/353 400/249/353 462/252/353
f 522/309/115 520/308/115 465/309/115
f 462/252/116 403/252/116 464/251/116
f 467/310/117 521/310/117 465/309/117
f 402/251/118 404/253/118 464/251/118
f 469/311/354 523/311/354 467/310/354
f 404/253/355 408/257/355 466/253/355
f 471/312/356 524/312/356 469/311/356
f 408/257/357 410/259/357 468/257/357
f 525/313/358 524/312/358 473/313/358
f 470/259/359 410/259/359 472/261/359
f 526/314/360 525/313/360 475/314/360
f 472/261/361 412/261/361 474/263/361
f 527/315/362 526/314/362 477/315/362
f 474/263/363 414/263/363 476/265/363
f 528/316/364 527/315/364 479/316/364
f 476/265/365 416/265/365 478/267/365
f 530/317/131 528/316/131 481/317/131
f 478/267/132 418/267/132 480/269/132
f 483/318/366 529/318/366 481/317/366
f 420/269/367 422/271/367 480/269/367
f 485/319/368 531/319/368 483/318/368
f 422/271/369 424/273/369 482/271/369
f 487/320/370 532/320/370 485/319/370
f 424/273/371 426/275/371 484/273/371
f 489/321/372 533/321/372 487/320/372
f 426/275/373 428/277/373 486/275/373
f 534/322/374 533/321/374 491/322/374
f 488/277/375 428/277/375 490/279/375
f 636/336/376 534/322/376 535/336/376
f 490/279/377 430/279/377 492/323/377
f 539/325/145 537/324/145 496/325/145
f 494/282/146 433/282/146 495/281/146
f 498/326/147 538/326/147 496/325/147
f 432/281/148 435/284/148 495/281/148
f 500/327/378 540/327/378 498/326/378
f 435/284/379 439/288/379 497/284/379
f 502/328/380 541/328/380 500/327/380
f 439/288/381 441/290/381 499/288/381
f 542/329/382 541/328/382 504/329/382
f 501/290/383 441/290/383 503/292/383
f 543/330/384 542/329/384 506/330/384
f 503/292/385 443/292/385 505/294/385
f 544/331/386 543/330/386 508/331/386
f 505/294/387 445/294/387 507/296/387
f 545/332/388 544/331/388 510/332/388
f 507/296/389 447/296/389 509/298/389
f 547/333/161 545/332/161 512/333/161
f 449/298/162 451/300/162 509/298/162
f 514/334/390 546/334/390 512/333/390
f 451/300/391 453/302/391 511/300/391
f 516/335/392 548/335/392 514/334/392
f 453/302/393 455/304/393 513/302/393
f 456/305/394 518/305/394 516/335/394
f 455/304/395 395/244/395 515/304/395
f 552/209/26 549/207/26 551/338/26
f 554/211/169 552/209/169 553/339/169
f 556/213/24 554/211/24 555/340/24
f 558/155/170 556/213/170 557/341/170
f 560/156/22 558/155/22 559/342/22
f 562/158/171 560/156/171 561/343/171
f 564/160/20 562/158/20 563/344/20
f 566/164/172 564/160/172 565/345/172
f 568/166/18 566/164/18 567/346/18
f 570/167/17 568/166/17 569/347/17
f 572/168/57 570/167/57 571/348/57
f 574/171/80 572/168/80 573/349/80
f 576/172/79 574/171/79 575/350/79
f 578/175/78 576/172/78 577/351/78
f 580/176/12 578/175/12 579/352/12
f 582/178/11 580/176/11 581/353/11
f 584/180/173 582/178/173 583/354/173
f 586/183/9 584/180/9 585/355/9
f 588/184/174 586/183/174 587/356/174
f 590/186/7 588/184/7 589/357/7
f 592/188/175 590/186/175 591/358/175
f 594/190/5 592/188/5 593/359/5
f 596/192/176 594/190/176 595/360/176
f 598/194/3 596/192/3 597/361/3
f 600/196/2 598/194/2 599/362/2
f 641/198/69 600/196/69 601/363/69
f 605/201/68 602/200/68 604/365/68
f 607/203/67 605/201/67 606/366/67
f 609/205/66 607/203/66 608/367/66
f 549/207/27 609/205/27 550/337/27
f 611/338/55 610/337/55 542/329/55
f 612/339/56 611/338/56 543/330/56
f 613/340/24 612/339/24 544/331/24
f 614/341/23 613/340/23 545/332/23
f 615/342/22 614/341/22 547/333/22
f 617/343/21 615/342/21 546/334/21
f 548/335/20 616/344/20 546/334/20
f 618/345/41 616/344/41 518/305/41
f 619/346/42 618/345/42 517/306/42
f 620/347/43 619/346/43 519/307/43
f 622/348/34 620/347/34 520/308/34
f 522/309/44 621/349/44 520/308/44
f 521/310/45 623/350/45 522/309/45
f 624/351/35 623/350/35 523/311/35
f 625/352/46 624/351/46 524/312/46
f 626/353/47 625/352/47 525/313/47
f 628/354/48 626/353/48 526/314/48
f 527/315/9 627/355/9 526/314/9
f 629/356/8 627/355/8 528/316/8
f 630/357/7 629/356/7 530/317/7
f 631/358/6 630/357/6 529/318/6
f 632/359/5 631/358/5 531/319/5
f 633/360/49 632/359/49 532/320/49
f 634/361/50 633/360/50 533/321/50
f 635/362/51 634/361/51 534/322/51
f 642/363/38 635/362/38 636/336/38
f 638/365/52 637/364/52 539/325/52
f 639/366/53 638/365/53 538/326/53
f 640/367/39 639/366/39 540/327/39
f 610/337/54 640/367/54 541/328/54
f 239/209/396 237/207/396 552/209/396
f 550/337/397 610/337/397 551/338/397
f 241/211/398 239/209/398 554/211/398
f 551/338/399 611/338/399 553/339/399
f 243/213/400 241/211/400 556/213/400
f 553/339/401 612/339/401 555/340/401
f 185/155/402 243/213/402 558/155/402
f 555/340/403 613/340/403 557/341/403
f 186/156/185 185/155/185 560/156/185
f 614/341/186 615/342/186 557/341/186
f 562/158/404 188/158/404 560/156/404
f 615/342/405 617/343/405 559/342/405
f 564/160/406 190/160/406 562/158/406
f 617/343/407 616/344/407 561/343/407
f 566/164/408 194/164/408 564/160/408
f 616/344/409 618/345/409 563/344/409
f 568/166/410 196/166/410 566/164/410
f 618/345/411 619/346/411 565/345/411
f 197/167/412 196/166/412 570/167/412
f 567/346/413 619/346/413 569/347/413
f 198/168/414 197/167/414 572/168/414
f 569/347/415 620/347/415 571/348/415
f 201/171/416 198/168/416 574/171/416
f 571/348/417 622/348/417 573/349/417
f 576/172/418 202/172/418 574/171/418
f 621/349/419 623/350/419 573/349/419
f 578/175/420 205/175/420 576/172/420
f 623/350/421 624/351/421 575/350/421
f 580/176/422 206/176/422 578/175/422
f 624/351/423 625/352/423 577/351/423
f 208/178/424 206/176/424 582/178/424
f 579/352/425 625/352/425 581/353/425
f 210/180/426 208/178/426 584/180/426
f 581/353/427 626/353/427 583/354/427
f 213/183/428 210/180/428 586/183/428
f 583/354/429 628/354/429 585/355/429
f 214/184/430 213/183/430 588/184/430
f 585/355/431 627/355/431 587/356/431
f 216/186/215 214/184/215 590/186/215
f 629/356/216 630/357/216 587/356/216
f 592/188/432 218/188/432 590/186/432
f 630/357/433 631/358/433 589/357/433
f 594/190/434 220/190/434 592/188/434
f 631/358/435 632/359/435 591/358/435
f 596/192/436 222/192/436 594/190/436
f 632/359/437 633/360/437 593/359/437
f 598/194/438 224/194/438 596/192/438
f 633/360/439 634/361/439 595/360/439
f 226/196/440 224/194/440 600/196/440
f 597/361/441 634/361/441 599/362/441
f 228/198/442 226/196/442 641/198/442
f 599/362/443 635/362/443 601/363/443
f 231/201/444 230/200/444 605/201/444
f 603/364/445 637/364/445 604/365/445
f 607/203/446 233/203/446 605/201/446
f 638/365/447 639/366/447 604/365/447
f 609/205/448 235/205/448 607/203/448
f 639/366/449 640/367/449 606/366/449
f 549/207/450 237/207/450 609/205/450
f 640/367/451 610/337/451 608/367/451
f 127/127/31 643/127/31 124/124/31
f 702/125/32 645/126/32 125/125/32
f 129/129/31 646/129/31 127/127/31
f 645/126/32 647/128/32 126/126/32
f 131/131/31 648/131/31 129/129/31
f 647/128/32 649/130/32 128/128/32
f 133/133/31 650/133/31 131/131/31
f 649/130/32 651/132/32 130/130/32
f 135/135/31 652/135/31 133/133/31
f 651/132/32 653/134/32 132/132/32
f 655/137/31 652/135/31 137/137/31
f 134/134/32 653/134/32 136/136/32
f 658/139/31 655/137/31 139/139/31
f 136/136/32 654/136/32 138/138/32
f 141/141/31 657/141/31 139/139/31
f 656/138/32 659/140/32 138/138/32
f 143/143/31 660/143/31 141/141/31
f 659/140/32 661/142/32 140/140/32
f 663/145/31 660/143/31 145/145/31
f 142/142/32 661/142/32 144/144/32
f 665/147/31 663/145/31 147/147/31
f 144/144/32 662/144/32 146/146/32
f 667/149/31 665/147/31 149/149/31
f 146/146/32 664/146/32 148/148/32
f 669/151/31 667/149/31 151/151/31
f 148/148/32 666/148/32 150/150/32
f 671/153/31 669/151/31 153/153/31
f 150/150/32 668/150/32 152/152/32
f 674/153/31 671/153/31 155/153/31
f 670/152/32 672/152/32 152/152/32
f 157/151/31 673/151/31 155/153/31
f 672/152/32 675/150/32 154/152/32
f 159/149/31 676/149/31 157/151/31
f 675/150/32 677/148/32 156/150/32
f 161/147/31 678/147/31 159/149/31
f 677/148/32 679/146/32 158/148/32
f 163/145/31 680/145/31 161/147/31
f 679/146/32 681/144/32 160/146/32
f 165/143/31 682/143/31 163/145/31
f 681/144/32 683/142/32 162/144/32
f 685/141/31 682/143/31 167/141/31
f 164/142/32 683/142/32 166/140/32
f 688/139/31 685/141/31 169/139/31
f 166/140/32 684/140/32 168/138/32
f 171/137/31 687/137/31 169/139/31
f 686/138/32 689/136/32 168/138/32
f 173/135/31 690/135/31 171/137/31
f 689/136/32 691/134/32 170/136/32
f 693/133/31 690/135/31 175/133/31
f 172/134/32 691/134/32 174/132/32
f 695/131/31 693/133/31 177/131/31
f 174/132/32 692/132/32 176/130/32
f 697/129/31 695/131/31 179/129/31
f 176/130/32 694/130/32 178/128/32
f 699/127/31 697/129/31 181/127/31
f 178/128/32 696/128/32 180/126/32
f 701/124/31 699/127/31 183/124/31
f 180/126/32 698/126/32 182/125/32
f 644/124/31 701/124/31 124/124/31
f 700/125/32 702/125/32 182/125/32
f 762/228/32 703/215/32 304/228/32
f 246/216/31 704/216/31 247/217/31
f 703/215/32 706/218/32 245/215/32
f 249/219/31 707/219/31 246/216/31
f 248/218/32 706/218/32 250/220/32
f 710/221/31 707/219/31 251/221/31
f 250/220/32 708/220/32 252/222/32
f 713/223/31 710/221/31 253/223/31
f 709/222/32 711/224/32 252/222/32
f 255/225/31 712/225/31 253/223/31
f 711/224/32 714/226/32 254/224/32
f 257/227/31 715/227/31 255/225/31
f 714/226/32 716/226/32 256/226/32
f 718/227/31 715/227/31 259/227/31
f 258/226/32 716/226/32 260/224/32
f 720/225/31 718/227/31 261/225/31
f 260/224/32 717/224/32 262/222/32
f 723/223/31 720/225/31 263/223/31
f 719/222/32 721/220/32 262/222/32
f 265/221/31 722/221/31 263/223/31
f 721/220/32 724/218/32 264/220/32
f 267/219/31 725/219/31 265/221/31
f 266/218/32 724/218/32 268/215/32
f 728/216/31 725/219/31 269/216/31
f 268/215/32 726/215/32 270/228/32
f 731/217/31 728/216/31 271/217/31
f 727/228/32 729/138/32 270/228/32
f 273/229/31 730/229/31 271/217/31
f 272/138/32 729/138/32 274/230/32
f 735/231/31 730/229/31 275/231/31
f 732/230/32 733/232/32 274/230/32
f 277/233/31 734/233/31 275/231/31
f 733/232/32 736/234/32 276/232/32
f 279/235/31 737/235/31 277/233/31
f 278/234/32 736/234/32 280/236/32
f 740/237/31 737/235/31 281/237/31
f 280/236/32 738/236/32 282/238/32
f 743/239/31 740/237/31 283/239/31
f 739/238/32 741/240/32 282/238/32
f 285/241/31 742/241/31 283/239/31
f 741/240/32 744/242/32 284/240/32
f 287/243/31 745/243/31 285/241/31
f 744/242/32 746/242/32 286/242/32
f 748/243/31 745/243/31 289/243/31
f 288/242/32 746/242/32 290/240/32
f 750/241/31 748/243/31 291/241/31
f 290/240/32 747/240/32 292/238/32
f 753/239/31 750/241/31 293/239/31
f 749/238/32 751/236/32 292/238/32
f 295/237/31 752/237/31 293/239/31
f 751/236/32 754/234/32 294/236/32
f 297/235/31 755/235/31 295/237/31
f 296/234/32 754/234/32 298/232/32
f 758/233/31 755/235/31 299/233/31
f 298/232/32 756/232/32 300/230/32
f 761/231/31 758/233/31 301/231/31
f 757/230/32 759/138/32 300/230/32
f 303/229/31 760/229/31 301/231/31
f 302/138/32 759/138/32 304/228/32
f 705/217/31 760/229/31 247/217/31
f 851/93/452 763/94/452 765/93/452
f 764/94/453 766/94/453 765/93/453
f 763/94/454 768/96/454 764/94/454
f 772/96/269 766/94/269 769/96/269
f 768/96/272 770/97/272 769/96/272
f 775/97/455 772/96/455 771/97/455
f 771/97/456 770/97/456 774/98/456
f 779/98/244 775/97/244 774/98/244
f 774/98/457 773/98/457 777/99/457
f 777/99/458 778/99/458 774/98/458
f 777/99/459 776/99/459 781/100/459
f 784/100/460 778/99/460 781/100/460
f 780/100/249 782/101/249 781/100/249
f 788/101/250 784/100/250 783/101/250
f 782/101/461 785/102/461 783/101/461
f 786/102/462 787/102/462 783/101/462
f 785/102/463 789/103/463 786/102/463
f 794/103/464 787/102/464 790/103/464
f 789/103/465 791/104/465 790/103/465
f 792/104/256 793/104/256 790/103/256
f 792/104/466 791/104/466 796/105/466
f 796/105/287 797/105/287 792/104/287
f 796/105/290 795/105/290 799/106/290
f 799/106/467 800/106/467 796/105/467
f 799/106/468 798/106/468 802/107/468
f 805/107/469 800/106/469 802/107/469
f 802/107/470 801/107/470 804/108/470
f 809/108/293 805/107/293 804/108/293
f 803/108/471 806/109/471 804/108/471
f 807/109/472 808/109/472 804/108/472
f 806/109/473 810/110/473 807/109/473
f 811/110/474 812/110/474 807/109/474
f 810/110/475 813/111/475 811/110/475
f 817/111/239 812/110/239 814/111/239
f 813/111/242 815/112/242 814/111/242
f 820/112/476 817/111/476 816/112/476
f 816/112/477 815/112/477 819/113/477
f 824/113/274 820/112/274 819/113/274
f 819/113/478 818/113/478 822/114/478
f 822/114/479 823/114/479 819/113/479
f 822/114/480 821/114/480 826/115/480
f 829/115/481 823/114/481 826/115/481
f 825/115/279 827/116/279 826/115/279
f 833/116/280 829/115/280 828/116/280
f 827/116/482 830/117/482 828/116/482
f 831/117/483 832/117/483 828/116/483
f 830/117/484 834/118/484 831/117/484
f 839/118/485 832/117/485 835/118/485
f 834/118/486 836/119/486 835/118/486
f 837/119/286 838/119/286 835/118/286
f 837/119/487 836/119/487 841/120/487
f 841/120/257 842/120/257 837/119/257
f 841/120/260 840/120/260 844/121/260
f 844/121/488 845/121/488 841/120/488
f 844/121/489 843/121/489 847/122/489
f 850/122/490 845/121/490 847/122/490
f 847/122/491 846/122/491 849/123/491
f 852/123/263 850/122/263 849/123/263
f 848/123/266 851/93/266 849/123/266
f 765/93/492 767/93/492 849/123/492
f 2/2/31 917/1/31 855/369/31
f 3/3/32 227/197/32 857/371/32
f 855/369/31 858/372/31 2/2/31
f 5/5/32 225/195/32 3/3/32
f 4/4/31 858/372/31 6/6/31
f 223/193/32 225/195/32 7/7/32
f 6/6/31 859/373/31 8/8/31
f 221/191/32 223/193/32 9/9/32
f 8/8/31 860/374/31 10/10/31
f 219/189/32 221/191/32 11/11/32
f 10/10/31 861/375/31 12/12/31
f 217/187/32 219/189/32 13/13/32
f 12/12/31 862/376/31 14/14/31
f 15/15/32 215/185/32 13/13/32
f 863/377/31 864/378/31 14/14/31
f 17/17/32 211/181/32 15/15/32
f 864/378/31 865/379/31 16/16/31
f 19/19/32 212/182/32 17/17/32
f 865/379/31 866/380/31 18/18/31
f 21/21/32 209/179/32 19/19/32
f 866/380/31 867/381/31 20/20/31
f 23/23/32 207/177/32 21/21/32
f 22/22/31 867/381/31 24/24/31
f 203/173/32 207/177/32 25/25/32
f 24/24/31 868/382/31 26/26/31
f 204/174/32 203/173/32 27/27/32
f 869/383/31 870/384/31 26/26/31
f 29/29/32 199/169/32 27/27/32
f 28/28/31 870/384/31 30/30/31
f 200/170/32 199/169/32 31/31/32
f 871/385/31 872/386/31 30/30/31
f 33/33/32 195/165/32 31/31/32
f 872/386/31 873/387/31 32/32/31
f 35/35/32 193/163/32 33/33/32
f 34/34/31 873/387/31 36/36/31
f 191/161/32 193/163/32 37/37/32
f 36/36/31 874/388/31 38/38/31
f 192/162/32 191/161/32 39/39/32
f 38/38/31 875/389/31 40/40/31
f 189/159/32 192/162/32 41/41/32
f 40/40/31 876/390/31 42/42/31
f 187/157/32 189/159/32 43/43/32
f 877/391/31 878/392/31 42/42/31
f 184/154/32 187/157/32 45/45/32
f 878/392/31 879/393/31 44/44/31
f 47/47/32 244/214/32 45/45/32
f 879/393/31 880/394/31 46/46/31
f 49/49/32 242/212/32 47/47/32
f 880/394/31 881/395/31 48/48/31
f 51/51/32 240/210/32 49/49/32
f 881/395/31 882/396/31 50/50/31
f 53/53/32 238/208/32 51/51/32
f 52/52/31 882/396/31 54/54/31
f 236/206/32 238/208/32 55/55/32
f 54/54/31 883/397/31 56/56/31
f 234/204/32 236/206/32 57/57/32
f 884/398/31 885/399/31 56/56/31
f 59/59/32 232/202/32 57/57/32
f 918/400/31 60/60/31 885/399/31
f 229/199/32 232/202/32 61/61/32
f 308/62/297 886/62/297 305/63/297
f 306/63/298 365/63/298 307/62/298
f 310/65/299 888/65/299 308/62/299
f 307/62/328 366/62/328 309/65/328
f 313/66/331 889/66/331 310/65/331
f 309/65/330 367/65/330 311/66/330
f 890/67/303 889/66/303 312/67/303
f 368/66/304 369/67/304 311/66/304
f 891/68/333 890/67/333 314/68/333
f 369/67/332 370/68/332 315/67/332
f 893/69/335 891/68/335 316/69/335
f 370/68/334 371/69/334 317/68/334
f 320/70/309 892/70/309 316/69/309
f 371/69/310 372/70/310 318/69/310
f 322/71/337 894/71/337 320/70/337
f 319/70/336 372/70/336 321/71/336
f 324/72/339 895/72/339 322/71/339
f 321/71/338 373/71/338 323/72/338
f 327/73/315 896/73/315 324/72/315
f 323/72/316 374/72/316 325/73/316
f 897/74/341 896/73/341 326/74/341
f 375/73/340 377/74/340 325/73/340
f 898/75/319 897/74/319 328/75/319
f 377/74/493 376/75/493 329/74/493
f 899/76/343 898/75/343 330/76/343
f 376/75/342 378/76/342 331/75/342
f 901/77/345 899/76/345 332/77/345
f 378/76/494 379/77/494 333/76/494
f 336/78/495 900/78/495 332/77/495
f 334/77/346 379/77/346 335/78/346
f 338/79/298 902/79/298 336/78/298
f 335/78/496 380/78/496 337/79/496
f 340/80/328 903/80/328 338/79/328
f 337/79/299 381/79/299 339/80/299
f 343/81/302 904/81/302 340/80/302
f 339/80/301 383/80/301 341/81/301
f 905/82/304 904/81/304 342/82/304
f 382/81/303 384/82/303 341/81/303
f 906/83/306 905/82/306 344/83/306
f 384/82/305 385/83/305 345/82/305
f 908/84/308 906/83/308 346/84/308
f 385/83/307 386/84/307 347/83/307
f 350/85/310 907/85/310 346/84/310
f 386/84/309 387/85/309 348/84/309
f 352/86/312 909/86/312 350/85/312
f 349/85/311 387/85/311 351/86/311
f 354/87/314 910/87/314 352/86/314
f 351/86/313 388/86/313 353/87/313
f 357/88/316 911/88/316 354/87/316
f 353/87/315 389/87/315 355/88/315
f 912/89/318 911/88/318 356/89/318
f 390/88/317 391/89/317 355/88/317
f 913/90/320 912/89/320 358/90/320
f 391/89/497 392/90/497 359/89/497
f 914/91/322 913/90/322 360/91/322
f 392/90/321 393/91/321 361/90/321
f 915/92/324 914/91/324 362/92/324
f 393/91/498 394/92/498 363/91/498
f 305/63/499 887/63/499 362/92/499
f 364/92/325 394/92/325 306/63/325
